,path
0,/web/Restaurant/New_York-10013-Macao_Trading_Co-257534-41102
1,/web/Restaurant/New_York-10013-Xe_Lua-260079-41102
2,/web/Restaurant/New_York-10013-Locanda_Verde-259128-41102
3,/web/Restaurant/New_York-10038-Dim_Sum_Go_Go-67524-41102
4,/web/Restaurant/New_York-10038-Trading_Post-404290-41102
5,/web/Restaurant/New_York-10013-A_Wah-399608-41102
6,/web/Restaurant/New_York-10002-Golden_Unicorn-113348-41102
7,/web/Restaurant/New_York-10013-Great_N_Y_Noodletown-112771-41102
8,/web/Restaurant/New_York-10013-Oriental_Garden-69981-41102
9,/web/Restaurant/New_York-10013-New_Malaysia-257870-41102
10,/web/Restaurant/New_York-10013-Il_Cortile-67517-41102
11,/web/Restaurant/New_York-10013-Royal_Seafood-404286-41102
12,/web/Restaurant/New_York-10013-Grand_Harmony-331678-41102
13,/web/Restaurant/New_York-10013-Shanghai_Heping-369818-41102
14,/web/Restaurant/New_York-10004-Harry_s_Cafe_Steak-166127-41102
15,/web/Restaurant/New_York-10013-Shanghai_Cafe-185106-41102
16,/web/Restaurant/New_York-10013-Parigot-208803-41102
17,/web/Restaurant/New_York-10280-Malaysian_Kitchen-468068-41102
18,/web/Restaurant/New_York-10013-Papatzul-231369-41102
19,/web/Restaurant/New_York-10013-Antique_Garage-122832-41102
20,/web/Restaurant/New_York-10004-Nebraska_Steakhouse-68157-41102
21,/web/Restaurant/New_York-10013-Daruma_ya_Soba-441661-41102
22,/web/Restaurant/New_York-10013-Sushi_Azabu-232415-41102
23,/web/Restaurant/New_York-10013-Nyonya-70016-41102
24,/web/Restaurant/New_York-10004-Inatteso_Pizzabar_Casano-366475-41102
25,/web/Restaurant/New_York-10013-Brinkley_s-270940-41102
26,/web/Restaurant/New_York-10013-The_Greek-406265-41102
27,/web/Restaurant/New_York-10012-La_Esquina-122834-41102
28,/web/Restaurant/New_York-10280-Pier_A-468069-41102
29,/web/Restaurant/New_York-10012-Sessanta-474826-41102
30,/web/Restaurant/New_York-10013-Bacchanal-472164-41102
31,/web/Restaurant/New_York-10004-Gigino_at_Wagner_Park-113341-41102
32,/web/Restaurant/New_York-10012-Balthazar-69425-41102
33,/web/Restaurant/New_York-10012-Ed_s_Lobster_Bar-186020-41102
34,/web/Restaurant/New_York-10002-The_Fat_Radish-335726-41102
35,/web/Restaurant/New_York-10012-Hirohisa-441660-41102
36,/web/Restaurant/New_York-10002-Bacaro-208820-41102
37,/web/Restaurant/New_York-10002-Fung_Tu-435844-41102
38,/web/Restaurant/New_York-10012-Balaboosta-288691-41102
39,/web/Restaurant/New_York-10012-Aquagrill-69410-41102
40,/web/Restaurant/New_York-10012-Cafe_el_Portal-184976-41102
41,/web/Restaurant/New_York-10002-Louie_and_Chan-468087-41102
42,/web/Restaurant/New_York-10012-Uncle_Boons-404305-41102
43,/web/Restaurant/New_York-10012-Rubirosa-331705-41102
44,/web/Restaurant/New_York-10018-Houseman-474824-41102
45,/web/Restaurant/New_York-10012-Blue_Ribbon-69412-41102
46,/web/Restaurant/New_York-10012-Blue_Ribbon_Sushi-70251-41102
47,/web/Restaurant/New_York-10012-Giorgione-69430-41102
48,/web/Restaurant/New_York-10012-Peasant-113410-41102
49,/web/Restaurant/New_York-10012-Emporio-259880-41102
50,/web/Restaurant/New_York-10012-Snack-69421-41102
51,/web/Restaurant/New_York-10002-Dirt_Candy-472167-41102
52,/web/Restaurant/New_York-10002-Cafe_Katja-435842-41102
53,/web/Restaurant/New_York-10012-Public-104167-41102
54,/web/Restaurant/New_York-10012-Mercer_Kitchen-69419-41102
55,/web/Restaurant/New_York-10013-Ciccio-399639-41102
56,/web/Restaurant/New_York-10012-Raoul_s-70250-41102
57,/web/Restaurant/New_York-10012-Rebelle-474825-41102
58,/web/Restaurant/New_York-10012-Pearl_Ash-399641-41102
59,/web/Restaurant/New_York-10002-cocoron-468085-41102
60,/web/Restaurant/New_York-10012-The_Dutch-335729-41102
61,/web/Restaurant/New_York-10002-Congee_Village-195770-41102
62,/web/Restaurant/New_York-10012-Navy-442995-41102
63,/web/Restaurant/New_York-10002-Cata-399630-41102
64,/web/Restaurant/New_York-10012-Chefs_Club-472174-41102
65,/web/Restaurant/New_York-10012-Burger_Barrel-331701-41102
66,/web/Restaurant/New_York-10012-Rouge_et_Blanc-331704-41102
67,/web/Restaurant/New_York-10002-Russ_Daughters_Cafe-468088-41102
68,/web/Restaurant/New_York-10012-The_Musket_Room-404304-41102
69,/web/Restaurant/New_York-10012-Estela-405986-41102
70,/web/Restaurant/New_York-10012-Comodo-399640-41102
71,/web/Restaurant/New_York-10012-Emilio_s_Ballato-435417-41102
72,/web/Restaurant/New_York-10012-Charlie_Bird-405985-41102
73,/web/Restaurant/New_York-10002-Contra-435843-41102
74,/web/Restaurant/New_York-10002-Sauce-368532-41102
75,/web/Restaurant/New_York-10012-Miss_Lily_s-331690-41102
76,/web/Restaurant/New_York-10012-ZZ_s_Clam_Bar-406586-41102
77,/web/Restaurant/New_York-10012-Cherche_Midi-468094-41102
78,/web/Restaurant/New_York-10012-Lupa-67403-41102
79,/web/Restaurant/New_York-10012-Gato-442174-41102
80,/web/Restaurant/New_York-10003-Carbone-404292-41102
81,/web/Restaurant/New_York-10002-Spitzer_s_Corner-257879-41102
82,/web/Restaurant/New_York-10002-Wassail-472169-41102
83,/web/Restaurant/New_York-10003-DBGB_Kitchen_Bar-260082-41102
84,/web/Restaurant/New_York-10003-Bowery_Meat_Company-468060-41102
85,/web/Restaurant/New_York-10014-Mas_farmhouse-68085-41102
86,/web/Restaurant/New_York-10014-Blue_Ribbon_Bakery-70634-41102
87,/web/Restaurant/New_York-10002-A_Casa_Fox-270926-41102
88,/web/Restaurant/New_York-10003-L_Apicio-399611-41102
89,/web/Restaurant/New_York-10002-SakaMai-399631-41102
90,/web/Restaurant/New_York-10012-Saxon_Parole-360566-41102
91,/web/Restaurant/New_York-10012-Bianca-122743-41102
92,/web/Restaurant/New_York-10012-Il_Buco-70637-41102
93,/web/Restaurant/New_York-10002-The_Stanton_Social-113845-41102
94,/web/Restaurant/New_York-10002-Macondo-257877-41102
95,/web/Restaurant/New_York-10012-Le_Philosophe-399623-41102
96,/web/Restaurant/New_York-10002-Schiller_s_Liquor_Bar-70097-41102
97,/web/Restaurant/New_York-10014-Market_Table-208815-41102
98,/web/Restaurant/New_York-10014-BONDST-67396-41102
99,/web/Restaurant/New_York-10003-Joe_MissesDoe-253701-41102
100,/web/Restaurant/New_York-10013-Bar_Primi-442989-41102
101,/web/Restaurant/New_York-10002-Dirty_French-468086-41102
102,/web/Restaurant/New_York-10003-Prune-113353-41102
103,/web/Restaurant/New_York-10002-Yopparai-368533-41102
104,/web/Restaurant/New_York-11201-Noodle_Pudding-67198-41102
105,/web/Restaurant/New_York-10014-EN_Japanese_Brasserie-69537-41102
106,/web/Restaurant/New_York-10014-Piora-435809-41102
107,/web/Restaurant/New_York-10012-Acme-366482-41102
108,/web/Restaurant/New_York-10012-Minetta_Tavern-259125-41102
109,/web/Restaurant/New_York-10012-Vics-468080-41102
110,/web/Restaurant/New_York-10002-Katz_s-122748-41102
111,/web/Restaurant/New_York-10012-Il_Buco_Alimentari_e_Vineria-360555-41102
112,/web/Restaurant/New_York-10003-Lil_Frankie_s-185102-41102
113,/web/Restaurant/New_York-10002-Yunnan_Kitchen-369526-41102
114,/web/Restaurant/New_York-10003-Lafayette-404293-41102
115,/web/Restaurant/New_York-10012-Perla-366484-41102
116,/web/Restaurant/New_York-10012-Hecho_en_Dumbo-288674-41102
117,/web/Restaurant/New_York-10002-Balvanera-468084-41102
118,/web/Restaurant/New_York-10003-Aroma_Kitchen_Wine_Bar-113844-41102
119,/web/Restaurant/New_York-10014-Murray_s_Cheese_Bar-399627-41102
120,/web/Restaurant/New_York-10014-Takashi-288711-41102
121,/web/Restaurant/New_York-10003-The_Black_Ant-468059-41102
122,/web/Restaurant/New_York-10014-Baker_Co-442993-41102
123,/web/Restaurant/New_York-10014-Pearl_Oyster_Bar-67414-41102
124,/web/Restaurant/New_York-10014-Po-68088-41102
125,/web/Restaurant/New_York-10014-Sushi_Nakazawa-435810-41102
126,/web/Restaurant/New_York-10014-Keste_Pizza_Vino-259878-41102
127,/web/Restaurant/New_York-10014-Le_Gigot-67402-41102
128,/web/Restaurant/New_York-10002-Ivan_Ramen-442177-41102
129,/web/Restaurant/New_York-10002-Thelma_on_Clinton-472168-41102
130,/web/Restaurant/New_York-10003-Wasan-442173-41102
131,/web/Restaurant/New_York-10014-Pagani-435414-41102
132,/web/Restaurant/New_York-10014-The_Little_Owl-185006-41102
133,/web/Restaurant/New_York-10003-Supper-253702-41102
134,/web/Restaurant/New_York-10005-Narcissa-435804-41102
135,/web/Restaurant/New_York-10014-Las_Ramblas-185007-41102
136,/web/Restaurant/New_York-10003-Jewel_Bako-70004-41102
137,/web/Restaurant/New_York-10003-Degustation-166747-41102
138,/web/Restaurant/New_York-10002-Clinton_St_Baking_Company-331694-41102
139,/web/Restaurant/New_York-10003-Risotteria_Melotti-468064-41102
140,/web/Restaurant/New_York-10014-Perilla-185932-41102
141,/web/Restaurant/New_York-10014-Buvette-331686-41102
142,/web/Restaurant/New_York-10014-Tertulia-360567-41102
143,/web/Restaurant/New_York-10014-Soto-208816-41102
144,/web/Restaurant/New_York-10003-Sobakoh-208806-41102
145,/web/Restaurant/New_York-10014-annisa-67394-41102
146,/web/Restaurant/New_York-10011-Blue_Hill-69616-41102
147,/web/Restaurant/New_York-10014-Rockmeisha-257876-41102
148,/web/Restaurant/New_York-10003-The_Mermaid_Inn-67278-41102
149,/web/Restaurant/New_York-10014-Panca-257875-41102
150,/web/Restaurant/New_York-10014-Via_Carota-468079-41102
151,/web/Restaurant/New_York-10011-Babbo-67900-41102
152,/web/Restaurant/New_York-10003-Mighty_Quinn_s-399613-41102
153,/web/Restaurant/New_York-10014-I_Sodi-435807-41102
154,/web/Restaurant/New_York-10003-Hot_Kitchen-360546-41102
155,/web/Restaurant/New_York-10003-Malai_Marke-399612-41102
156,/web/Restaurant/New_York-10009-Sigiri-185099-41102
157,/web/Restaurant/New_York-10014-Hakata_Tonton-208813-41102
158,/web/Restaurant/New_York-10003-The_Eddy-442990-41102
159,/web/Restaurant/New_York-10009-Root_Bone-468065-41102
160,/web/Restaurant/New_York-10003-Porsena-323992-41102
161,/web/Restaurant/New_York-10003-Kiin_Thai-474818-41102
162,/web/Restaurant/New_York-10014-L_Artusi-257525-41102
163,/web/Restaurant/New_York-10014-Joseph_Leonard-331689-41102
164,/web/Restaurant/New_York-10011-Margaux-442176-41102
165,/web/Restaurant/New_York-10014-RedFarm-366485-41102
166,/web/Restaurant/New_York-10003-Huertas-442992-41102
167,/web/Restaurant/New_York-10009-Somtum_Der-441651-41102
168,/web/Restaurant/New_York-10003-The_Bao-468058-41102
169,/web/Restaurant/New_York-10003-Ramen_Misoya-360550-41102
170,/web/Restaurant/New_York-10009-Sushi_Dojo-404289-41102
171,/web/Restaurant/New_York-10014-Empellon_Taqueria-331687-41102
172,/web/Restaurant/New_York-10009-Kyo_Ya-185909-41102
173,/web/Restaurant/New_York-10014-Perry_Street-122745-41102
174,/web/Restaurant/New_York-10009-Tuome-468067-41102
175,/web/Restaurant/New_York-10003-Hasaki-67266-41102
176,/web/Restaurant/New_York-10014-Fedora-331688-41102
177,/web/Restaurant/New_York-10003-Oiji-474814-41102
178,/web/Restaurant/New_York-10014-Mary_s_Fish_Camp-68084-41102
179,/web/Restaurant/New_York-10009-Pylos-270919-41102
180,/web/Restaurant/New_York-10009-Lavagna-69115-41102
181,/web/Restaurant/New_York-10009-Oda_House-404288-41102
182,/web/Restaurant/New_York-10009-Noreetuh-472165-41102
183,/web/Restaurant/New_York-10014-Left_Bank-360563-41102
184,/web/Restaurant/New_York-10014-Sevilla-68089-41102
185,/web/Restaurant/New_York-10014-Spasso-331691-41102
186,/web/Restaurant/New_York-10003-Soba_Ya-67279-41102
187,/web/Restaurant/New_York-10003-Robataya-288671-41102
188,/web/Restaurant/New_York-10003-Prime_Beyond_New_York-360549-41102
189,/web/Restaurant/New_York-10014-Wallse-69542-41102
190,/web/Restaurant/New_York-10009-Cafe_Mogador-113415-41102
191,/web/Restaurant/New_York-10011-Alta-324003-41102
192,/web/Restaurant/New_York-10014-Spotted_Pig-69541-41102
193,/web/Restaurant/New_York-10014-Extra_Virgin-70636-41102
194,/web/Restaurant/New_York-10009-Kura-476455-41102
195,/web/Restaurant/New_York-10014-Morandi-185005-41102
196,/web/Restaurant/New_York-10016-Kajitsu-258383-41102
197,/web/Restaurant/New_York-10003-Rai_Rai_Ken-257872-41102
198,/web/Restaurant/New_York-10003-Curry_Ya-253700-41102
199,/web/Restaurant/New_York-10009-Cagen-441648-41102
200,/web/Restaurant/New_York-10003-Graffiti-336506-41102
201,/web/Restaurant/New_York-10003-Dieci-331680-41102
202,/web/Restaurant/New_York-10003-ChikaLicious-257871-41102
203,/web/Restaurant/New_York-10003-Gotham_Bar_and_Grill-67398-41102
204,/web/Restaurant/New_York-10014-Yerba_Buena_Perry-288675-41102
205,/web/Restaurant/New_York-10003-Shuko-468066-41102
206,/web/Restaurant/New_York-10003-Momofuku_Ko-231356-41102
207,/web/Restaurant/New_York-10003-Kanoyama-67272-41102
208,/web/Restaurant/New_York-10003-Momofuku_Noodle_Bar-69116-41102
209,/web/Restaurant/New_York-10014-Malaparte-404294-41102
210,/web/Restaurant/New_York-10003-Cacio_e_Pepe-122701-41102
211,/web/Restaurant/New_York-10009-Edi_The_Wolf-335721-41102
212,/web/Restaurant/New_York-10003-All_onda-435806-41102
213,/web/Restaurant/New_York-10014-The_Place-68087-41102
214,/web/Restaurant/New_York-10014-Recette-280123-41102
215,/web/Restaurant/New_York-10003-Feast-399610-41102
216,/web/Restaurant/New_York-10009-Flinders_Lane-442991-41102
217,/web/Restaurant/New_York-10014-Cafe_Cluny-185009-41102
218,/web/Restaurant/New_York-10014-Barraca-399620-41102
219,/web/Restaurant/New_York-10009-Kafana-257521-41102
220,/web/Restaurant/New_York-10003-Motorino-366473-41102
221,/web/Restaurant/New_York-10014-Blenheim-468077-41102
222,/web/Restaurant/New_York-10003-Momofuku_Ssam_Bar-185100-41102
223,/web/Restaurant/New_York-10009-Donostia-468062-41102
224,/web/Restaurant/New_York-10014-Good-185008-41102
225,/web/Restaurant/New_York-10003-East_12th_Osteria-435413-41102
226,/web/Restaurant/New_York-10014-Barbuto-122742-41102
227,/web/Restaurant/New_York-10009-Gnocco-67264-41102
228,/web/Restaurant/New_York-10009-Hearth-67267-41102
229,/web/Restaurant/New_York-10014-Wallflower-436443-41102
230,/web/Restaurant/New_York-10011-Gradisca-360554-41102
231,/web/Restaurant/New_York-10003-Luzzo_s-185101-41102
232,/web/Restaurant/New_York-10009-Balade-323988-41102
233,/web/Restaurant/New_York-10009-Au_Za_atar-468056-41102
234,/web/Restaurant/New_York-10009-Northern_Spy_Food_Co-270918-41102
235,/web/Restaurant/New_York-10003-15_East-185931-41102
236,/web/Restaurant/New_York-10003-Tocqueville-68349-41102
237,/web/Restaurant/New_York-10014-Untitled-474819-41102
238,/web/Restaurant/New_York-10011-Crispo-67904-41102
239,/web/Restaurant/New_York-10011-Coppelia-335720-41102
240,/web/Restaurant/New_York-10014-Santina-468078-41102
241,/web/Restaurant/New_York-10009-Virginia_s-474815-41102
242,/web/Restaurant/New_York-10014-Paradou-67368-41102
243,/web/Restaurant/New_York-10003-Blue_Water_Grill-68323-41102
244,/web/Restaurant/New_York-10003-Union_Square_Cafe-69893-41102
245,/web/Restaurant/New_York-10011-Legend_Bar_Restaurant-323985-41102
246,/web/Restaurant/New_York-10003-Laut-280120-41102
247,/web/Restaurant/New_York-10003-Casa_Mono-68328-41102
248,/web/Restaurant/New_York-10014-Standard_Grill-259879-41102
249,/web/Restaurant/New_York-10011-Aldea-259876-41102
250,/web/Restaurant/New_York-10011-da_Umberto-67285-41102
251,/web/Restaurant/New_York-10011-Crema-165330-41102
252,/web/Restaurant/New_York-10011-Ootoya-399619-41102
253,/web/Restaurant/New_York-10014-ABC_Kitchen-280102-41102
254,/web/Restaurant/New_York-10011-The_Gander-441653-41102
255,/web/Restaurant/New_York-10003-ABC_Cocina-404291-41102
256,/web/Restaurant/New_York-10003-Bocca-399615-41102
257,/web/Restaurant/New_York-10003-Craft-68332-41102
258,/web/Restaurant/New_York-10011-Cull_Pistol-404284-41102
259,/web/Restaurant/New_York-10011-Boqueria-185014-41102
260,/web/Restaurant/New_York-10003-Gramercy_Tavern-69890-41102
261,/web/Restaurant/New_York-10003-Craftbar-68331-41102
262,/web/Restaurant/New_York-10003-Barbounia-122703-41102
263,/web/Restaurant/New_York-10001-Mari_Vanna-360552-41102
264,/web/Restaurant/New_York-10003-elan-443149-41102
265,/web/Restaurant/New_York-10011-Montmartre-472163-41102
266,/web/Restaurant/New_York-10011-Periyali-68342-41102
267,/web/Restaurant/New_York-10010-Cosme-468070-41102
268,/web/Restaurant/New_York-10010-Almayass-366478-41102
269,/web/Restaurant/New_York-10011-Toro-435802-41102
270,/web/Restaurant/New_York-10011-Colicchio_Sons-335748-41102
271,/web/Restaurant/New_York-10011-Socarrat-360544-41102
272,/web/Restaurant/New_York-10011-Del_Posto-123585-41102
273,/web/Restaurant/New_York-10010-Maialino-280119-41102
274,/web/Restaurant/New_York-10011-Rocking_Horse_Cafe-67290-41102
275,/web/Restaurant/New_York-10010-Novita-283680-41102
276,/web/Restaurant/New_York-10011-Prova-468055-41102
277,/web/Restaurant/New_York-10011-Naka_Naka-257518-41102
278,/web/Restaurant/New_York-10011-Salinas-336504-41102
279,/web/Restaurant/New_York-10010-BLT_Prime-113433-41102
280,/web/Restaurant/New_York-10011-Tipsy_Parson-270917-41102
281,/web/Restaurant/New_York-11211-Diner-186022-41102
282,/web/Restaurant/New_York-10010-Manzo-323999-41102
283,/web/Restaurant/New_York-10010-The_Clocktower-474816-41102
284,/web/Restaurant/New_York-10011-Foragers_City_Table-368528-41102
285,/web/Restaurant/New_York-10010-Cafe_El_Presidente-441652-41102
286,/web/Restaurant/New_York-10010-Eleven_Madison_Park-68335-41102
287,/web/Restaurant/New_York-10010-The_Little_Beet_Table-468072-41102
288,/web/Restaurant/New_York-10011-Cookshop-122698-41102
289,/web/Restaurant/New_York-10010-Junoon-331685-41102
290,/web/Restaurant/New_York-10011-Blossom-208799-41102
291,/web/Restaurant/New_York-10011-Pastai-404285-41102
292,/web/Restaurant/New_York-10010-Hill_Country_Chicken-323997-41102
293,/web/Restaurant/New_York-10010-A_Voce_Madison-123608-41102
294,/web/Restaurant/New_York-10019-Upland-468076-41102
295,/web/Restaurant/New_York-10010-Hill_Country-208800-41102
296,/web/Restaurant/New_York-10016-Bread_Tulips-336843-41102
297,/web/Restaurant/New_York-10010-Maysville-399676-41102
298,/web/Restaurant/New_York-10016-Saravanaas-122831-41102
299,/web/Restaurant/New_York-10010-Hanjan-399616-41102
300,/web/Restaurant/New_York-11211-Peter_Luger-67199-41102
301,/web/Restaurant/New_York-10016-I_Trulli-68337-41102
302,/web/Restaurant/New_York-10011-Tia_Pol-257519-41102
303,/web/Restaurant/New_York-10016-Pippali-468075-41102
304,/web/Restaurant/New_York-10016-Bhatti-399614-41102
305,/web/Restaurant/New_York-10016-Haldi-468071-41102
306,/web/Restaurant/New_York-10001-Co-366469-41102
307,/web/Restaurant/New_York-10016-Kokum-435805-41102
308,/web/Restaurant/New_York-10016-Tamba-280121-41102
309,/web/Restaurant/New_York-10001-Txikito-257520-41102
310,/web/Restaurant/New_York-10011-El_Quinto_Pino-257516-41102
311,/web/Restaurant/New_York-10001-NoMad-366480-41102
312,/web/Restaurant/New_York-10016-Copper_Chimney-122737-41102
313,/web/Restaurant/New_York-10016-Anjappar-366479-41102
314,/web/Restaurant/New_York-10016-Turkish_Kitchen-68350-41102
315,/web/Restaurant/New_York-10016-O_Ya-474817-41102
316,/web/Restaurant/New_York-10016-Momokawa-335725-41102
317,/web/Restaurant/New_York-10011-The_Red_Cat-70035-41102
318,/web/Restaurant/New_York-10016-Les_Halles-68339-41102
319,/web/Restaurant/New_York-10001-Trestle_on_Tenth-323986-41102
320,/web/Restaurant/New_York-10016-Marta-468073-41102
321,/web/Restaurant/New_York-10001-The_Breslin-270921-41102
322,/web/Restaurant/New_York-10001-The_John_Dory_Oyster_Bar-331684-41102
323,/web/Restaurant/New_York-10001-Chop_Shop-369521-41102
324,/web/Restaurant/New_York-10016-Resto-208810-41102
325,/web/Restaurant/New_York-10001-Lupulo-472162-41102
326,/web/Restaurant/New_York-11205-Roman_s-288716-41102
327,/web/Restaurant/New_York-10016-Juni-435822-41102
328,/web/Restaurant/New_York-10016-HanGawi-67424-41102
329,/web/Restaurant/New_York-10001-Kirakuya-292820-41102
330,/web/Restaurant/New_York-10001-Kang_Suh-468092-41102
331,/web/Restaurant/New_York-10001-Mandoo_Bar-184985-41102
332,/web/Restaurant/New_York-10001-Miss_Korea-360770-41102
333,/web/Restaurant/New_York-10016-Don_s_Bogam-270930-41102
334,/web/Restaurant/New_York-10001-New_Wonjo-324017-41102
335,/web/Restaurant/New_York-10001-Kunjip-336845-41102
336,/web/Restaurant/New_York-10016-2nd_Avenue_Deli-232414-41102
337,/web/Restaurant/New_York-10016-Wolfgang_s-67430-41102
338,/web/Restaurant/New_York-10119-Lugo-366500-41102
339,/web/Restaurant/New_York-10016-El_Parador-165162-41102
340,/web/Restaurant/New_York-10001-Stella_34-399637-41102
341,/web/Restaurant/New_York-10001-Cho_Dang_Gol-69743-41102
342,/web/Restaurant/New_York-10001-Madangsui-270935-41102
343,/web/Restaurant/New_York-10016-Wild_Edibles-232468-41102
344,/web/Restaurant/New_York-10018-Keens-70038-41102
345,/web/Restaurant/New_York-10018-Kristalbelli-366499-41102
346,/web/Restaurant/New_York-10018-Ai_Fiori-335728-41102
347,/web/Restaurant/New_York-10018-Frankie_Johnnie_s-69771-41102
348,/web/Restaurant/New_York-10016-Cafe_China-366493-41102
349,/web/Restaurant/New_York-11215-Al_di_La-70543-41102
350,/web/Restaurant/New_York-10018-Larb_Ubol-435824-41102
351,/web/Restaurant/New_York-10158-Tempura_Matsui-476476-41102
352,/web/Restaurant/New_York-10018-Lan_Sheng-360769-41102
353,/web/Restaurant/New_York-10018-Szechuan_Gourmet-257531-41102
354,/web/Restaurant/New_York-10016-Mapo_Tofu-280126-41102
355,/web/Restaurant/New_York-10036-Casa_Nonna-360766-41102
356,/web/Restaurant/New_York-10010-Tavola-395096-41102
357,/web/Restaurant/New_York-10016-Phoenix_Garden-67426-41102
358,/web/Restaurant/New_York-11238-Locanda_Vini_e_Olii-70030-41102
359,/web/Restaurant/New_York-11215-Stone_Park_Cafe-70545-41102
360,/web/Restaurant/New_York-10018-Mercato-288677-41102
361,/web/Restaurant/New_York-10018-Snack_EOS-442170-41102
362,/web/Restaurant/New_York-10017-Pera-184995-41102
363,/web/Restaurant/New_York-10036-Gabriel_Kreuther-474823-41102
364,/web/Restaurant/New_York-10017-Osteria_Laguna-69678-41102
365,/web/Restaurant/New_York-10017-Sushi_Yasuda-69153-41102
366,/web/Restaurant/New_York-10036-Aureole-68303-41102
367,/web/Restaurant/New_York-10017-Sakagura-122820-41102
368,/web/Restaurant/New_York-10017-Soba_Totto-270933-41102
369,/web/Restaurant/New_York-10036-Sushi_Zen-69506-41102
370,/web/Restaurant/New_York-10036-Osteria_al_Doge-69450-41102
371,/web/Restaurant/New_York-10036-The_Lambs_Club-324016-41102
372,/web/Restaurant/New_York-10036-db_Bistro_Moderne-69453-41102
373,/web/Restaurant/New_York-10036-Hakkasan-366498-41102
374,/web/Restaurant/New_York-10017-Aburiya_Kinnosuke-122785-41102
375,/web/Restaurant/New_York-10169-Bobby_Van_s-68670-41102
376,/web/Restaurant/New_York-10036-Esca-69744-41102
377,/web/Restaurant/New_York-10017-Vitae-366494-41102
378,/web/Restaurant/New_York-10017-Patroon-472170-41102
379,/web/Restaurant/New_York-10017-Alcala-68583-41102
380,/web/Restaurant/New_York-10017-Tulsi-331696-41102
381,/web/Restaurant/New_York-10036-Utsav-184979-41102
382,/web/Restaurant/New_York-10017-Kurumazushi-113350-41102
383,/web/Restaurant/New_York-10017-Tsushima-184993-41102
384,/web/Restaurant/New_York-10036-44_X_Hell_s_Kitchen-70037-41102
385,/web/Restaurant/New_York-10036-Barbetta-104165-41102
386,/web/Restaurant/New_York-10036-Scarlatto-231367-41102
387,/web/Restaurant/New_York-10036-Becco-69441-41102
388,/web/Restaurant/New_York-10017-Hatsuhana-443549-41102
389,/web/Restaurant/New_York-10036-Hell_s_Kitchen-69772-41102
390,/web/Restaurant/New_York-10020-Del_Frisco_s-113347-41102
391,/web/Restaurant/New_York-10020-Oceana-270937-41102
392,/web/Restaurant/New_York-10017-Pampano-69679-41102
393,/web/Restaurant/New_York-10022-Smith_Wollensky-113349-41102
394,/web/Restaurant/New_York-10020-The_Sea_Grill-69517-41102
395,/web/Restaurant/New_York-10036-La_Masseria-69755-41102
396,/web/Restaurant/New_York-10017-Bukhara_Grill-257880-41102
397,/web/Restaurant/New_York-10019-Sake_Bar_Hagi-404301-41102
398,/web/Restaurant/New_York-10017-Sip_Sak-122821-41102
399,/web/Restaurant/New_York-10036-Anejo-366495-41102
400,/web/Restaurant/New_York-10111-Limani-468093-41102
401,/web/Restaurant/New_York-10019-Kung_Fu_Little_Steamed_Buns_Ramen-472172-41102
402,/web/Restaurant/New_York-11215-Applewood-113452-41102
403,/web/Restaurant/New_York-10111-Brasserie_Ruhlmann-165116-41102
404,/web/Restaurant/New_York-10022-Crave_Fishbar-399634-41102
405,/web/Restaurant/New_York-10022-SushiAnn-69841-41102
406,/web/Restaurant/New_York-10022-Amma-324011-41102
407,/web/Restaurant/New_York-10019-Don_Antonio_by_Starita-360768-41102
408,/web/Restaurant/New_York-10019-Toloache-208826-41102
409,/web/Restaurant/New_York-10019-Aldo_Sohm_Wine_Bar-474822-41102
410,/web/Restaurant/New_York-10022-Le_Relais_de_Venise_L_Entrecote-290213-41102
411,/web/Restaurant/New_York-10023-Chez_Napoleon-360767-41102
412,/web/Restaurant/New_York-10019-Le_Bernardin-69438-41102
413,/web/Restaurant/New_York-10036-Print-280129-41102
414,/web/Restaurant/New_York-10022-Hide_Chan_Ramen-331695-41102
415,/web/Restaurant/New_York-10022-La_Grenouille-69127-41102
416,/web/Restaurant/New_York-10022-The_Four_Seasons-69118-41102
417,/web/Restaurant/New_York-10019-21_Club-69763-41102
418,/web/Restaurant/New_York-10018-Braai-253722-41102
419,/web/Restaurant/New_York-10019-Russian_Samovar-122828-41102
420,/web/Restaurant/New_York-10019-Gallagher_s-441658-41102
421,/web/Restaurant/New_York-10019-Chevalier-472171-41102
422,/web/Restaurant/New_York-10022-Jukai-369527-41102
423,/web/Restaurant/New_York-10022-Casa_Lever-288676-41102
424,/web/Restaurant/New_York-10019-Danji-324015-41102
425,/web/Restaurant/New_York-10019-The_Modern-113266-41102
426,/web/Restaurant/New_York-10022-al_Bustan-292479-41102
427,/web/Restaurant/New_York-10019-Remi-69500-41102
428,/web/Restaurant/New_York-10022-Nerai-468090-41102
429,/web/Restaurant/New_York-10019-Il_Gattopardo-468091-41102
430,/web/Restaurant/New_York-10019-Mozzarella_Vino-441659-41102
431,/web/Restaurant/New_York-10019-Casellula-257529-41102
432,/web/Restaurant/New_York-10022-Caviar_Russe-399633-41102
433,/web/Restaurant/New_York-10019-Clement-435823-41102
434,/web/Restaurant/New_York-10022-Jubilee-69125-41102
435,/web/Restaurant/New_York-10019-Benoit-231365-41102
436,/web/Restaurant/New_York-10019-Ardesia-324013-41102
437,/web/Restaurant/New_York-10019-Osteria_del_Circo-69448-41102
438,/web/Restaurant/New_York-10019-Tang_Pavilion-360772-41102
439,/web/Restaurant/New_York-10019-pizzArte-360771-41102
440,/web/Restaurant/New_York-10019-Taboon-166752-41102
441,/web/Restaurant/New_York-10022-Aquavit-68584-41102
442,/web/Restaurant/New_York-10019-Radiance_Tea_House-270938-41102
443,/web/Restaurant/New_York-10022-P_J_Clarke_s-69148-41102
444,/web/Restaurant/New_York-10019-Estiatorio_Milos-69770-41102
445,/web/Restaurant/New_York-10022-Naya-257881-41102
446,/web/Restaurant/New_York-10022-Armani_Ristorante-435416-41102
447,/web/Restaurant/New_York-10019-Molyvos-69774-41102
448,/web/Restaurant/New_York-10019-Yakitori_Totto-184977-41102
449,/web/Restaurant/New_York-10019-Ma_Peche-283700-41102
450,/web/Restaurant/New_York-10022-BLT_Steak-68668-41102
451,/web/Restaurant/New_York-10022-Obika-399635-41102
452,/web/Restaurant/New_York-10022-Benares-366496-41102
453,/web/Restaurant/New_York-10022-Mr_Chow-69139-41102
454,/web/Restaurant/New_York-10019-Betony-404302-41102
455,/web/Restaurant/New_York-10019-Norma_s-395094-41102
456,/web/Restaurant/New_York-10019-Brasserie_8_1_2-69445-41102
457,/web/Restaurant/New_York-10019-BG-122824-41102
458,/web/Restaurant/New_York-10022-Land_of_Plenty-369528-41102
459,/web/Restaurant/New_York-10019-Petrossian-69459-41102
460,/web/Restaurant/New_York-10022-Le_Cirque-165529-41102
461,/web/Restaurant/New_York-10019-Loi_Estiatorio-472173-41102
462,/web/Restaurant/New_York-10022-Felidia-69117-41102
463,/web/Restaurant/New_York-10022-Bistro_Vendome-324012-41102
464,/web/Restaurant/New_York-10022-Bottega_del_Vino-113836-41102
465,/web/Restaurant/New_York-10019-Marea-259127-41102
466,/web/Restaurant/New_York-10022-Anassa_Taverna-468089-41102
467,/web/Restaurant/New_York-10019-Per_Se-69452-41102
468,/web/Restaurant/New_York-10019-Masa-69756-41102
469,/web/Restaurant/New_York-10019-Bar_Masa-113345-41102
470,/web/Restaurant/New_York-10019-Porter_House-184984-41102
471,/web/Restaurant/New_York-10065-The_Regency_Bar_Grill-441662-41102
472,/web/Restaurant/New_York-10065-Tiella-324029-41102
473,/web/Restaurant/New_York-10023-Nougatine-336509-41102
474,/web/Restaurant/New_York-10023-Jean_Georges-70381-41102
475,/web/Restaurant/New_York-10065-El_Porron-290215-41102
476,/web/Restaurant/New_York-10065-The_Nuaa-399650-41102
477,/web/Restaurant/New_York-10065-Fishtail_by_David_Burke-258395-41102
478,/web/Restaurant/New_York-10021-Fig_Olive-70372-41102
479,/web/Restaurant/New_York-10010-Park_Avenue-468074-41102
480,/web/Restaurant/New_York-10021-Sushi_Seki-68299-41102
481,/web/Restaurant/New_York-10065-Marche_du_Sud-336849-41102
482,/web/Restaurant/New_York-10065-Moti_Mahal_Delux-399649-41102
483,/web/Restaurant/New_York-10021-JoJo-68182-41102
484,/web/Restaurant/New_York-10065-Fatty_Fish-360781-41102
485,/web/Restaurant/New_York-10065-Daniel-68178-41102
486,/web/Restaurant/New_York-10021-East_Pole-435827-41102
487,/web/Restaurant/New_York-10019-Tori_Shin-195773-41102
488,/web/Restaurant/New_York-10023-Bar_Boulud-208829-41102
489,/web/Restaurant/New_York-10021-Maya-122842-41102
490,/web/Restaurant/New_York-10023-Boulud_Sud-336508-41102
491,/web/Restaurant/New_York-10023-Lincoln-324033-41102
492,/web/Restaurant/New_York-10023-Telepan-123011-41102
493,/web/Restaurant/New_York-10023-Andanada-399651-41102
494,/web/Restaurant/New_York-10023-Bin_71-257536-41102
495,/web/Restaurant/New_York-10021-Il_Ristorante_Rosi-399647-41102
496,/web/Restaurant/New_York-10021-Cafe_Mingala-360780-41102
497,/web/Restaurant/New_York-10023-The_Ribbon-474829-41102
498,/web/Restaurant/New_York-10021-Sushi_Sasabune-184970-41102
499,/web/Restaurant/New_York-10021-Persepolis-70242-41102
500,/web/Restaurant/New_York-10021-Andaz-360779-41102
501,/web/Restaurant/New_York-10021-Tanoshi-404308-41102
502,/web/Restaurant/New_York-10021-FP_Patisserie-399646-41102
503,/web/Restaurant/New_York-10021-Maison_Kayser-399648-41102
504,/web/Restaurant/New_York-10021-Caravaggio-270942-41102
505,/web/Restaurant/New_York-10021-J_G_Melon-123615-41102
506,/web/Restaurant/New_York-10021-Mezzaluna-113403-41102
507,/web/Restaurant/New_York-10024-Sushi_Yasaka-468096-41102
508,/web/Restaurant/New_York-10021-Boathouse_Central_Park-70225-41102
509,/web/Restaurant/New_York-10021-Orsay-68291-41102
510,/web/Restaurant/New_York-10021-Cafe_Boulud-68304-41102
511,/web/Restaurant/New_York-10021-Atlantic_Grill-68302-41102
512,/web/Restaurant/New_York-10021-Jones_Wood_Foundry-335730-41102
513,/web/Restaurant/New_York-10024-Caffe_Storico-366507-41102
514,/web/Restaurant/New_York-10021-Uva-122845-41102
515,/web/Restaurant/New_York-10021-Lusardi_s-68288-41102
516,/web/Restaurant/New_York-10021-Sushi_of_Gari-70246-41102
517,/web/Restaurant/New_York-10021-Shanghai_Pavilion-68298-41102
518,/web/Restaurant/New_York-10024-Tessa-441664-41102
519,/web/Restaurant/New_York-10024-Cafe_Frida-184967-41102
520,/web/Restaurant/New_York-10021-Il_Riccio-68180-41102
521,/web/Restaurant/New_York-10024-Dovetail-253726-41102
522,/web/Restaurant/New_York-10079-Yefsi-366506-41102
523,/web/Restaurant/New_York-10021-Quatorze_Bis-70244-41102
524,/web/Restaurant/New_York-10028-Eli_s_Table-474828-41102
525,/web/Restaurant/New_York-10028-Cascabel_Taqueria-324025-41102
526,/web/Restaurant/New_York-10028-Beyoglu-113408-41102
527,/web/Restaurant/New_York-10024-Fishtag-324032-41102
528,/web/Restaurant/New_York-10028-Spigolo-70245-41102
529,/web/Restaurant/New_York-10028-Flex_Mussels-257884-41102
530,/web/Restaurant/New_York-10028-The_Simone-442178-41102
531,/web/Restaurant/New_York-10024-Momoya-208835-41102
532,/web/Restaurant/New_York-10024-Vai-360787-41102
533,/web/Restaurant/New_York-10028-Wa_Jeal-324030-41102
534,/web/Restaurant/New_York-10028-Donguri-474827-41102
535,/web/Restaurant/New_York-10028-Andre_s_Cafe-280130-41102
536,/web/Restaurant/New_York-10024-Good_Enough_to_Eat-69593-41102
537,/web/Restaurant/New_York-10028-Ristorante_Morini-441663-41102
538,/web/Restaurant/New_York-10024-Spiga-122847-41102
539,/web/Restaurant/New_York-10028-Cafe_Sabarsky-70227-41102
540,/web/Restaurant/New_York-10028-Maz_Mezcal-70239-41102
541,/web/Restaurant/New_York-10024-Barney_Greengrass-184968-41102
542,/web/Restaurant/New_York-11226-Purple_Yam-280133-41102
543,/web/Restaurant/New_York-10024-B_Cafe_West-335732-41102
544,/web/Restaurant/New_York-10028-Il_Salumaio-442998-41102
545,/web/Restaurant/New_York-10128-Parlor_Steakhouse-324028-41102
546,/web/Restaurant/New_York-10128-San_Matteo-335731-41102
547,/web/Restaurant/New_York-10024-Bodrum-331707-41102
548,/web/Restaurant/New_York-10128-Kaia-404307-41102
549,/web/Restaurant/New_York-10128-Nick_s-70240-41102
550,/web/Restaurant/New_York-10025-Gennaro-184966-41102
551,/web/Restaurant/New_York-10025-Elizabeth_s_Neighborhood_Table-360782-41102
552,/web/Restaurant/New_York-10029-ABV-404296-41102
553,/web/Restaurant/New_York-10029-Tre_Otto-468083-41102
554,/web/Restaurant/New_York-10025-Awadh-442999-41102
555,/web/Restaurant/New_York-11209-The_Pearl_Room-70547-41102
556,/web/Restaurant/New_York-10025-Sura-360786-41102
557,/web/Restaurant/New_York-10025-Noche_Mexicana_II-166753-41102
558,/web/Restaurant/New_York-10025-Warique-360788-41102
559,/web/Restaurant/New_York-11209-Elia-113449-41102
560,/web/Restaurant/New_York-10025-Gastronomia_Culinaria-435831-41102
561,/web/Restaurant/New_York-10025-Miss_Mamie_s_Spoonbread_Too-166754-41102
562,/web/Restaurant/New_York-10029-Ricardo_Steakhouse-185001-41102
563,/web/Restaurant/New_York-10026-Zoma-185934-41102
564,/web/Restaurant/New_York-10026-Melba_s-195769-41102
565,/web/Restaurant/New_York-10025-Community_Food_Juice-270946-41102
566,/web/Restaurant/New_York-10029-Nocciola-468082-41102
567,/web/Restaurant/New_York-10029-El_Paso-208817-41102
568,/web/Restaurant/New_York-10027-Streetbird_Rotisserie-472166-41102
569,/web/Restaurant/New_York-10026-The_Cecil-435812-41102
570,/web/Restaurant/New_York-10026-Minton_s-441656-41102
571,/web/Restaurant/New_York-10026-Vinateria-404299-41102
572,/web/Restaurant/New_York-10026-Cedric-366487-41102
573,/web/Restaurant/New_York-10023-Settepani-360762-41102
574,/web/Restaurant/New_York-10027-Barawine-435811-41102
575,/web/Restaurant/New_York-10027-BLVD_Bistro-468081-41102
576,/web/Restaurant/New_York-10027-Flat_Top-441655-41102
577,/web/Restaurant/New_York-10027-Red_Rooster-331692-41102
578,/web/Restaurant/New_York-10027-Corner_Social-395091-41102
579,/web/Restaurant/New_York-10027-Babbalucci-474820-41102
580,/web/Restaurant/New_York-10027-Bettolona-366486-41102
581,/web/Restaurant/New_York-10027-Yuzu-474821-41102
582,/web/Restaurant/New_York-10027-Maison_Harlem-399629-41102
583,/web/Restaurant/New_York-10027-Jin_Ramen-366489-41102
584,/web/Restaurant/New_York-10027-Dinosaur_Bar_B_Que-122746-41102
585,/web/Restaurant/New_York-10027-J_Restaurant_Chez_Asta-404297-41102
586,/web/Restaurant/New_York-10009-Dojo_Izakaya-474813-41102
587,/web/Restaurant/New_York-10032-Marcha_Cocina-404298-41102
588,/web/Restaurant/New_York-10304-Carol_s_Cafe-69767-41102
589,/web/Restaurant/New_York-10040-New_Leaf_Cafe-113439-41102
590,/web/Restaurant/New_York-10458-Roberto_s-113430-41102
