can_rate,image,num_votes,rating,tconst,title,type,year
True,"{u'url': u'https://images-na.ssl-images-amazon.com/images/M/MV5BODU4MjU4NjIwNl5BMl5BanBnXkFtZTgwMDU2MjEyMDE@._V1_.jpg', u'width': 933, u'height': 1388}",1789788,9.3,tt0111161,The Shawshank Redemption,feature,1994
True,"{u'url': u'https://images-na.ssl-images-amazon.com/images/M/MV5BZTRmNjQ1ZDYtNDgzMy00OGE0LWE4N2YtNTkzNWQ5ZDhlNGJmL2ltYWdlL2ltYWdlXkEyXkFqcGdeQXVyNjU0OTQ0OTY@._V1_.jpg', u'width': 2228, u'height': 3161}",1221863,9.2,tt0068646,The Godfather,feature,1972
True,"{u'url': u'https://images-na.ssl-images-amazon.com/images/M/MV5BMjZiNzIxNTQtNDc5Zi00YWY1LThkMTctMDgzYjY4YjI1YmQyL2ltYWdlL2ltYWdlXkEyXkFqcGdeQXVyNjU0OTQ0OTY@._V1_.jpg', u'width': 2106, u'height': 2999}",840277,9.0,tt0071562,The Godfather: Part II,feature,1974
True,"{u'url': u'https://images-na.ssl-images-amazon.com/images/M/MV5BMTMxNTMwODM0NF5BMl5BanBnXkFtZTcwODAyMTk2Mw@@._V1_.jpg', u'width': 1383, u'height': 2048}",1770742,9.0,tt0468569,The Dark Knight,feature,2008
True,"{u'url': u'https://images-na.ssl-images-amazon.com/images/M/MV5BODQwOTc5MDM2N15BMl5BanBnXkFtZTcwODQxNTEzNA@@._V1_.jpg', u'width': 682, u'height': 1023}",482875,8.9,tt0050083,12 Angry Men,feature,1957
True,"{u'url': u'https://images-na.ssl-images-amazon.com/images/M/MV5BNDE4OTMxMTctNmRhYy00NWE2LTg3YzItYTk3M2UwOTU5Njg4XkEyXkFqcGdeQXVyNjU0OTQ0OTY@._V1_.jpg', u'width': 1600, u'height': 2400}",917815,8.9,tt0108052,Schindler's List,feature,1993
True,"{u'url': u'https://images-na.ssl-images-amazon.com/images/M/MV5BMTkxMTA5OTAzMl5BMl5BanBnXkFtZTgwNjA5MDc3NjE@._V1_.jpg', u'width': 1010, u'height': 1500}",1401007,8.9,tt0110912,Pulp Fiction,feature,1994
True,"{u'url': u'https://images-na.ssl-images-amazon.com/images/M/MV5BYWY1ZWQ5YjMtMDE0MS00NWIzLWE1M2YtODYzYTk2OTNlYWZmXkEyXkFqcGdeQXVyNDUyOTg3Njg@._V1_.jpg', u'width': 1002, u'height': 1500}",1284262,8.9,tt0167260,The Lord of the Rings: The Return of the King,feature,2003
True,"{u'url': u'https://images-na.ssl-images-amazon.com/images/M/MV5BOTQ5NDI3MTI4MF5BMl5BanBnXkFtZTgwNDQ4ODE5MDE@._V1_.jpg', u'width': 1344, u'height': 2048}",531421,8.9,tt0060196,"The Good, the Bad and the Ugly",feature,1966
True,"{u'url': u'https://images-na.ssl-images-amazon.com/images/M/MV5BZGY5Y2RjMmItNDg5Yy00NjUwLThjMTEtNDc2OGUzNTBiYmM1XkEyXkFqcGdeQXVyNjU0OTQ0OTY@._V1_.jpg', u'width': 580, u'height': 859}",1431969,8.8,tt0137523,Fight Club,feature,1999
True,"{u'url': u'https://images-na.ssl-images-amazon.com/images/M/MV5BNmFmZDdkODMtNzUyMy00NzhhLWFjZmEtMGMzYjNhMDA1NTBkXkEyXkFqcGdeQXVyNDUyOTg3Njg@._V1_.jpg', u'width': 1026, u'height': 1500}",1305868,8.8,tt0120737,The Lord of the Rings: The Fellowship of the Ring,feature,2001
True,"{u'url': u'https://images-na.ssl-images-amazon.com/images/M/MV5BYmViY2M2MTYtY2MzOS00YjQ1LWIzYmEtOTBiNjhlMGM0NjZjXkEyXkFqcGdeQXVyNDYyMDk5MTU@._V1_.jpg', u'width': 1369, u'height': 2125}",893429,8.8,tt0080684,Star Wars: Episode V - The Empire Strikes Back,feature,1980
True,"{u'url': u'https://images-na.ssl-images-amazon.com/images/M/MV5BYThjM2MwZGMtMzg3Ny00NGRkLWE4M2EtYTBiNWMzOTY0YTI4XkEyXkFqcGdeQXVyNDYyMDk5MTU@._V1_.jpg', u'width': 1136, u'height': 1500}",1339455,8.8,tt0109830,Forrest Gump,feature,1994
True,"{u'url': u'https://images-na.ssl-images-amazon.com/images/M/MV5BMjAxMzY3NjcxNF5BMl5BanBnXkFtZTcwNTI5OTM0Mw@@._V1_.jpg', u'width': 700, u'height': 1037}",1562446,8.8,tt1375666,Inception,feature,2010
True,"{u'url': u'https://images-na.ssl-images-amazon.com/images/M/MV5BMTAyNDU0NjY4NTheQTJeQWpwZ15BbWU2MDk4MTY2Nw@@._V1_.jpg', u'width': 350, u'height': 512}",1163717,8.7,tt0167261,The Lord of the Rings: The Two Towers,feature,2002
True,"{u'url': u'https://images-na.ssl-images-amazon.com/images/M/MV5BZjA0OWVhOTAtYWQxNi00YzNhLWI4ZjYtNjFjZTEyYjJlNDVlL2ltYWdlL2ltYWdlXkEyXkFqcGdeQXVyMTQxNzMzNDI@._V1_.jpg', u'width': 1009, u'height': 1500}",717183,8.7,tt0073486,One Flew Over the Cuckoo's Nest,feature,1975
True,"{u'url': u'https://images-na.ssl-images-amazon.com/images/M/MV5BNThjMzczMjctZmIwOC00NTQ4LWJhZWItZDdhNTk5ZTdiMWFlXkEyXkFqcGdeQXVyNDYyMDk5MTU@._V1_.jpg', u'width': 1004, u'height': 1500}",771679,8.7,tt0099685,Goodfellas,feature,1990
True,"{u'url': u'https://images-na.ssl-images-amazon.com/images/M/MV5BNzQzOTk3OTAtNDQ0Zi00ZTVkLWI0MTEtMDllZjNkYzNjNTc4L2ltYWdlXkEyXkFqcGdeQXVyNjU0OTQ0OTY@._V1_.jpg', u'width': 2100, u'height': 3156}",1288594,8.7,tt0133093,The Matrix,feature,1999
True,"{u'url': u'https://images-na.ssl-images-amazon.com/images/M/MV5BMTc5MDY1MjU5MF5BMl5BanBnXkFtZTgwNDM2OTE4MzE@._V1_.jpg', u'width': 1354, u'height': 1900}",241668,8.7,tt0047478,Seven Samurai,feature,1954
True,"{u'url': u'https://images-na.ssl-images-amazon.com/images/M/MV5BYzQ2OTk4N2QtOGQwNy00MmI3LWEwNmEtOTk0OTY3NDk2MGJkL2ltYWdlL2ltYWdlXkEyXkFqcGdeQXVyNjc1NTYyMjg@._V1_.jpg', u'width': 997, u'height': 1500}",966784,8.7,tt0076759,Star Wars: Episode IV - A New Hope,feature,1977
True,"{u'url': u'https://images-na.ssl-images-amazon.com/images/M/MV5BMjA4ODQ3ODkzNV5BMl5BanBnXkFtZTYwOTc4NDI3._V1_.jpg', u'width': 400, u'height': 593}",561239,8.7,tt0317248,City of God,feature,2002
True,"{u'url': u'https://images-na.ssl-images-amazon.com/images/M/MV5BOTUwODM5MTctZjczMi00OTk4LTg3NWUtNmVhMTAzNTNjYjcyXkEyXkFqcGdeQXVyNjU0OTQ0OTY@._V1_.jpg', u'width': 1801, u'height': 2815}",1088518,8.6,tt0114369,Se7en,feature,1995
True,"{u'url': u'https://images-na.ssl-images-amazon.com/images/M/MV5BMTQ2NzkzMDI4OF5BMl5BanBnXkFtZTcwMDA0NzE1NA@@._V1_.jpg', u'width': 682, u'height': 1023}",947437,8.6,tt0102926,The Silence of the Lambs,feature,1991
True,"{u'url': u'https://images-na.ssl-images-amazon.com/images/M/MV5BMTMzMzY5NDc4M15BMl5BanBnXkFtZTcwMzc4NjIxNw@@._V1_.jpg', u'width': 1372, u'height': 2048}",295425,8.6,tt0038650,It's a Wonderful Life,feature,1946
True,"{u'url': u'https://images-na.ssl-images-amazon.com/images/M/MV5BYmJmM2Q4NmMtYThmNC00ZjRlLWEyZmItZTIwOTBlZDQ3NTQ1XkEyXkFqcGdeQXVyMTQxNzMzNDI@._V1_.jpg', u'width': 1005, u'height': 1500}",452514,8.6,tt0118799,Life Is Beautiful,feature,1997
True,"{u'url': u'https://images-na.ssl-images-amazon.com/images/M/MV5BMzI1MjI5MDQyOV5BMl5BanBnXkFtZTcwNzE4Mjg3NA@@._V1_.jpg', u'width': 682, u'height': 1023}",784066,8.6,tt0114814,The Usual Suspects,feature,1995
True,"{u'url': u'https://images-na.ssl-images-amazon.com/images/M/MV5BMjdjMGU3MGYtN2Y5ZC00MTE4LWE4YWQtMTBhMjc3MTk0ZDUwXkEyXkFqcGdeQXVyNjU0OTQ0OTY@._V1_.jpg', u'width': 1660, u'height': 2500}",772062,8.6,tt0110413,Léon: The Professional,feature,1994
True,"{u'url': u'https://images-na.ssl-images-amazon.com/images/M/MV5BMTk3NTM1NTg1Ml5BMl5BanBnXkFtZTgwOTgzMTMyMDE@._V1_.jpg', u'width': 759, u'height': 1050}",451148,8.6,tt0245429,Spirited Away,feature,2001
True,"{u'url': u'https://images-na.ssl-images-amazon.com/images/M/MV5BZjhkMDM4MWItZTVjOC00ZDRhLThmYTAtM2I5NzBmNmNlMzI1XkEyXkFqcGdeQXVyNDYyMDk5MTU@._V1_.jpg', u'width': 800, u'height': 1177}",938419,8.6,tt0120815,Saving Private Ryan,feature,1998
True,"{u'url': u'https://images-na.ssl-images-amazon.com/images/M/MV5BMTYxOTEwOTU0MV5BMl5BanBnXkFtZTgwNDc4NjQ3MTI@._V1_.jpg', u'width': 1443, u'height': 2048}",229098,8.6,tt0064116,Once Upon a Time in the West,feature,1968
True,"{u'url': u'https://images-na.ssl-images-amazon.com/images/M/MV5BY2E2MWU5ZDktOTQ0OS00NGIzLTg4YTgtYjFhNTRlMjA1NzFjL2ltYWdlXkEyXkFqcGdeQXVyNTAyODkwOQ@@._V1_.jpg', u'width': 2040, u'height': 3000}",826972,8.6,tt0120586,American History X,feature,1998
True,"{u'url': u'https://images-na.ssl-images-amazon.com/images/M/MV5BMjIxNTU4MzY4MF5BMl5BanBnXkFtZTgwMzM4ODI3MjE@._V1_.jpg', u'width': 1311, u'height': 2048}",1027121,8.6,tt0816692,Interstellar,feature,2014
True,"{u'url': u'https://images-na.ssl-images-amazon.com/images/M/MV5BY2IzZGY2YmEtYzljNS00NTM5LTgwMzUtMzM1NjQ4NGI0OTk0XkEyXkFqcGdeQXVyNDYyMDk5MTU@._V1_.jpg', u'width': 500, u'height': 754}",408369,8.5,tt0034583,Casablanca,feature,1942
True,"{u'url': u'https://images-na.ssl-images-amazon.com/images/M/MV5BZDRjMmI3ZjgtMGE3Mi00NjY5LTg0NWMtMmU3YzgyMjhmMjIzL2ltYWdlXkEyXkFqcGdeQXVyNTAyODkwOQ@@._V1_.jpg', u'width': 730, u'height': 1103}",116600,8.6,tt0021749,City Lights,feature,1931
True,"{u'url': u'https://images-na.ssl-images-amazon.com/images/M/MV5BMDI3OWRmOTEtOWJhYi00N2JkLTgwNGItMjdkN2U0NjFiZTYwXkEyXkFqcGdeQXVyMTQxNzMzNDI@._V1_.jpg', u'width': 909, u'height': 1371}",448780,8.5,tt0054215,Psycho,feature,1960
True,"{u'url': u'https://images-na.ssl-images-amazon.com/images/M/MV5BMTUxMzQyNjA5MF5BMl5BanBnXkFtZTYwOTU2NTY3._V1_.jpg', u'width': 500, u'height': 740}",840927,8.5,tt0120689,The Green Mile,feature,1999
True,"{u'url': u'https://images-na.ssl-images-amazon.com/images/M/MV5BMTYxNDA3MDQwNl5BMl5BanBnXkFtZTcwNTU4Mzc1Nw@@._V1_.jpg', u'width': 1382, u'height': 2048}",548386,8.6,tt1675434,The Intouchables,feature,2011
True,"{u'url': u'https://images-na.ssl-images-amazon.com/images/M/MV5BYjJiZjMzYzktNjU0NS00OTkxLWEwYzItYzdhYWJjN2QzMTRlL2ltYWdlL2ltYWdlXkEyXkFqcGdeQXVyNjU0OTQ0OTY@._V1_.jpg', u'width': 578, u'height': 900}",154072,8.5,tt0027977,Modern Times,feature,1936
True,"{u'url': u'https://images-na.ssl-images-amazon.com/images/M/MV5BMjA0ODEzMTc1Nl5BMl5BanBnXkFtZTcwODM2MjAxNA@@._V1_.jpg', u'width': 1021, u'height': 1536}",697249,8.5,tt0082971,Raiders of the Lost Ark,feature,1981
True,"{u'url': u'https://images-na.ssl-images-amazon.com/images/M/MV5BNGUxYWM3M2MtMGM3Mi00ZmRiLWE0NGQtZjE5ODI2OTJhNTU0XkEyXkFqcGdeQXVyMTQxNzMzNDI@._V1_.jpg', u'width': 923, u'height': 1351}",334994,8.5,tt0047396,Rear Window,feature,1954
True,"{u'url': u'https://images-na.ssl-images-amazon.com/images/M/MV5BOWRiZDIxZjktMTA1NC00MDQ2LWEzMjUtMTliZmY3NjQ3ODJiXkEyXkFqcGdeQXVyNjU0OTQ0OTY@._V1_.jpg', u'width': 787, u'height': 1087}",533853,8.5,tt0253474,The Pianist,feature,2002
True,"{u'url': u'https://images-na.ssl-images-amazon.com/images/M/MV5BMTI1MTY2OTIxNV5BMl5BanBnXkFtZTYwNjQ4NjY3._V1_.jpg', u'width': 450, u'height': 665}",926278,8.5,tt0407887,The Departed,feature,2006
True,"{u'url': u'https://images-na.ssl-images-amazon.com/images/M/MV5BZDM2YjYwYWMtMWZlNi00ZDQxLWExMDctMDAzNzQ0OTkzZjljXkEyXkFqcGdeQXVyMTQxNzMzNDI@._V1_.jpg', u'width': 1689, u'height': 2500}",784578,8.5,tt0103064,Terminator 2: Judgment Day,feature,1991
True,"{u'url': u'https://images-na.ssl-images-amazon.com/images/M/MV5BZmU0M2Y1OGUtZjIxNi00ZjBkLTg1MjgtOWIyNThiZWIwYjRiXkEyXkFqcGdeQXVyMTQxNzMzNDI@._V1_.jpg', u'width': 1218, u'height': 1893}",781534,8.5,tt0088763,Back to the Future,feature,1985
True,"{u'url': u'https://images-na.ssl-images-amazon.com/images/M/MV5BOTVhMWQ5MDktMGE3OS00MjVlLWExZWYtMzY2MTg4ZGFiZDQ5L2ltYWdlXkEyXkFqcGdeQXVyNjU0OTQ0OTY@._V1_.jpg', u'width': 2025, u'height': 3000}",464994,8.5,tt2582802,Whiplash,feature,2014
True,"{u'url': u'https://images-na.ssl-images-amazon.com/images/M/MV5BMTgwMzQzNTQ1Ml5BMl5BanBnXkFtZTgwMDY2NTYxMTE@._V1_.jpg', u'width': 930, u'height': 1377}",1040901,8.5,tt0172495,Gladiator,feature,2000
True,"{u'url': u'https://images-na.ssl-images-amazon.com/images/M/MV5BZTcyNjk1MjgtOWI3Mi00YzQwLWI5MTktMzY4ZmI2NDAyNzYzXkEyXkFqcGdeQXVyNjU0OTQ0OTY@._V1_.jpg', u'width': 1022, u'height': 1500}",893241,8.5,tt0209144,Memento,feature,2000
True,"{u'url': u'https://images-na.ssl-images-amazon.com/images/M/MV5BODViM2VjYWYtMzU5Ny00ZjczLWEzNjMtODZmNGMwZDAxNzJkXkEyXkFqcGdeQXVyNjUwNzk3NDc@._V1_.jpg', u'width': 485, u'height': 740}",473846,8.5,tt0078788,Apocalypse Now,feature,1979
True,"{u'url': u'https://images-na.ssl-images-amazon.com/images/M/MV5BMjA4NDI0MTIxNF5BMl5BanBnXkFtZTYwNTM0MzY2._V1_.jpg', u'width': 450, u'height': 667}",900261,8.5,tt0482571,The Prestige,feature,2006
True,"{u'url': u'https://images-na.ssl-images-amazon.com/images/M/MV5BYTYxNGMyZTYtMjE3MS00MzNjLWFjNmYtMDk3N2FmM2JiM2M1XkEyXkFqcGdeQXVyNjY5NDU4NzI@._V1_.jpg', u'width': 1995, u'height': 2964}",690056,8.5,tt0110357,The Lion King,feature,1994
True,"{u'url': u'https://images-na.ssl-images-amazon.com/images/M/MV5BNDNhN2IxZWItNGEwYS00ZDNhLThiM2UtODU3NWJlZjBkYjQxXkEyXkFqcGdeQXVyMTQxNzMzNDI@._V1_.jpg', u'width': 914, u'height': 1342}",599414,8.5,tt0078748,Alien,feature,1979
True,"{u'url': u'https://images-na.ssl-images-amazon.com/images/M/MV5BNTkxYjUxNDYtZGY0My00NTc2LThiZmYtNmNmNmU0NGVkZWYwXkEyXkFqcGdeQXVyMjUzOTY1NTc@._V1_.jpg', u'width': 653, u'height': 1000}",360294,8.5,tt0057012,Dr. Strangelove or: How I Learned to Stop Worrying and Love the Bomb,feature,1964
True,"{u'url': u'https://images-na.ssl-images-amazon.com/images/M/MV5BMTc3NDYzODAwNV5BMl5BanBnXkFtZTgwODg1MTczMTE@._V1_.jpg', u'width': 332, u'height': 500}",147678,8.5,tt0043014,Sunset Blvd.,feature,1950
True,"{u'url': u'https://images-na.ssl-images-amazon.com/images/M/MV5BMmExYWJjNTktNGUyZS00ODhmLTkxYzAtNWIzOGEyMGNiMmUwXkEyXkFqcGdeQXVyNjU0OTQ0OTY@._V1_.jpg', u'width': 1200, u'height': 1773}",147449,8.5,tt0032553,The Great Dictator,feature,1940
True,"{u'url': u'https://images-na.ssl-images-amazon.com/images/M/MV5BMjIzMTgzOTEwOF5BMl5BanBnXkFtZTgwNTUxNjcxMTE@._V1_.jpg', u'width': 337, u'height': 499}",163280,8.5,tt0095765,Cinema Paradiso,feature,1988
True,"{u'url': u'https://images-na.ssl-images-amazon.com/images/M/MV5BNDUzNjYwNDYyNl5BMl5BanBnXkFtZTcwNjU3ODQ0MQ@@._V1_.jpg', u'width': 450, u'height': 675}",274677,8.5,tt0405094,The Lives of Others,feature,2006
True,"{u'url': u'https://images-na.ssl-images-amazon.com/images/M/MV5BZjEwNDVhZjMtYzA1MS00ZWUxLThjOGUtZTliNGZiNGYyMjA3XkEyXkFqcGdeQXVyNjU0OTQ0OTY@._V1_.jpg', u'width': 2122, u'height': 3000}",150966,8.5,tt0095327,Grave of the Fireflies,feature,1988
True,"{u'url': u'https://images-na.ssl-images-amazon.com/images/M/MV5BOTI5Nzc0OTMtYzBkMS00NjkxLThmM2UtNjM2ODgxN2M5NjNkXkEyXkFqcGdeQXVyNjQ2MjQ5NzM@._V1_.jpg', u'width': 1045, u'height': 1600}",128622,8.5,tt0050825,Paths of Glory,feature,1957
True,"{u'url': u'https://images-na.ssl-images-amazon.com/images/M/MV5BMjIyNTQ5NjQ1OV5BMl5BanBnXkFtZTcwODg1MDU4OA@@._V1_.jpg', u'width': 1382, u'height': 2048}",1024018,8.4,tt1853728,Django Unchained,feature,2012
True,"{u'url': u'https://images-na.ssl-images-amazon.com/images/M/MV5BZWFlYmY2MGEtZjVkYS00YzU4LTg0YjQtYzY1ZGE3NTA5NGQxXkEyXkFqcGdeQXVyMTQxNzMzNDI@._V1_.jpg', u'width': 627, u'height': 953}",650737,8.4,tt0081505,The Shining,feature,1980
True,"{u'url': u'https://images-na.ssl-images-amazon.com/images/M/MV5BMjI1MjkzMjczMV5BMl5BanBnXkFtZTgwNDk4NjYyMTI@._V1_.jpg', u'width': 1015, u'height': 1500}",184659,8.5,tt3315342,Logan,feature,2017
True,"{u'url': u'https://images-na.ssl-images-amazon.com/images/M/MV5BMjExMTg5OTU0NF5BMl5BanBnXkFtZTcwMjMxMzMzMw@@._V1_.jpg', u'width': 1382, u'height': 2048}",766409,8.4,tt0910970,WALL·E,feature,2008
True,"{u'url': u'https://images-na.ssl-images-amazon.com/images/M/MV5BMjM4NTI5NzYyNV5BMl5BanBnXkFtZTgwNTkxNTYxMTE@._V1_.jpg', u'width': 930, u'height': 1377}",867295,8.4,tt0169547,American Beauty,feature,1999
True,"{u'url': u'https://images-na.ssl-images-amazon.com/images/M/MV5BMTk4ODQzNDY3Ml5BMl5BanBnXkFtZTcwODA0NTM4Nw@@._V1_.jpg', u'width': 486, u'height': 720}",1208720,8.5,tt1345836,The Dark Knight Rises,feature,2012
True,"{u'url': u'https://images-na.ssl-images-amazon.com/images/M/MV5BNjFhNGVjNzYtYTYzYS00N2Q5LTk1OGEtMzFiZTYyNjliMGE0XkEyXkFqcGdeQXVyNTA4NzY1MzY@._V1_.jpg', u'width': 736, u'height': 1000}",238995,8.4,tt0119698,Princess Mononoke,feature,1997
True,"{u'url': u'https://images-na.ssl-images-amazon.com/images/M/MV5BNGYxMTA0M2EtYjg0Yy00NzI5LTg4NjEtZDA2MTcyOWM0YTVjL2ltYWdlL2ltYWdlXkEyXkFqcGdeQXVyNjc1NTYyMjg@._V1_.jpg', u'width': 495, u'height': 755}",514711,8.4,tt0090605,Aliens,feature,1986
True,"{u'url': u'https://images-na.ssl-images-amazon.com/images/M/MV5BMTI3NTQyMzU5M15BMl5BanBnXkFtZTcwMTM2MjgyMQ@@._V1_.jpg', u'width': 450, u'height': 666}",380677,8.4,tt0364569,Oldboy,feature,2003
True,"{u'url': u'https://images-na.ssl-images-amazon.com/images/M/MV5BMGFkNWI4MTMtNGQ0OC00MWVmLTk3MTktOGYxN2Y2YWVkZWE2XkEyXkFqcGdeQXVyNjU0OTQ0OTY@._V1_.jpg', u'width': 910, u'height': 1422}",234261,8.4,tt0087843,Once Upon a Time in America,feature,1984
True,"{u'url': u'https://images-na.ssl-images-amazon.com/images/M/MV5BMTc0MjgyNTUyNF5BMl5BanBnXkFtZTcwNDQzMDg0Nw@@._V1_.jpg', u'width': 682, u'height': 1023}",68761,8.4,tt0051201,Witness for the Prosecution,feature,1957
True,"{u'url': u'https://images-na.ssl-images-amazon.com/images/M/MV5BMTQ2Mjc1MDQwMl5BMl5BanBnXkFtZTcwNzUyOTUyMg@@._V1_.jpg', u'width': 338, u'height': 500}",313223,8.4,tt0033467,Citizen Kane,feature,1941
True,"{u'url': u'https://images-na.ssl-images-amazon.com/images/M/MV5BNGRmOWY0MGUtNTVhMy00NzRlLTljNDAtNTBiNTRlODgxNmY2XkEyXkFqcGdeQXVyNjc1NTYyMjg@._V1_.jpg', u'width': 580, u'height': 812}",177187,8.4,tt0082096,Das Boot,feature,1981
True,"{u'url': u'https://images-na.ssl-images-amazon.com/images/M/MV5BMjQwMTQ0MzgwNl5BMl5BanBnXkFtZTgwNjc4ODE4MzE@._V1_.jpg', u'width': 1309, u'height': 2048}",231061,8.4,tt0053125,North by Northwest,feature,1959
True,"{u'url': u'https://images-na.ssl-images-amazon.com/images/M/MV5BYTE4ODEwZDUtNDFjOC00NjAxLWEzYTQtYTI1NGVmZmFlNjdiL2ltYWdlL2ltYWdlXkEyXkFqcGdeQXVyNjc1NTYyMjg@._V1_.jpg', u'width': 2703, u'height': 4189}",265219,8.4,tt0052357,Vertigo,feature,1958
True,"{u'url': u'https://images-na.ssl-images-amazon.com/images/M/MV5BMzUzNDM2NzM2MV5BMl5BanBnXkFtZTgwNTM3NTg4OTE@._V1_.jpg', u'width': 4050, u'height': 6000}",213331,8.4,tt3783958,La La Land,feature,2016
True,"{u'url': u'https://images-na.ssl-images-amazon.com/images/M/MV5BODllZjg2YjUtNWEzNy00ZGY2LTgyZmQtYTkxNDYyOWM3OTUyXkEyXkFqcGdeQXVyMTQxNzMzNDI@._V1_.jpg', u'width': 908, u'height': 1424}",730941,8.4,tt0086190,Star Wars: Episode VI - Return of the Jedi,feature,1983
True,"{u'url': u'https://images-na.ssl-images-amazon.com/images/M/MV5BNDc0YWFhMmQtOTFhZC00MzViLTlkNjctMWUzYTI2YWFkNzVlXkEyXkFqcGdeQXVyNjE5MjUyOTM@._V1_.jpg', u'width': 1000, u'height': 1500}",705735,8.3,tt0105236,Reservoir Dogs,feature,1992
True,"{u'url': u'https://images-na.ssl-images-amazon.com/images/M/MV5BNTMyNGE1ODQtYTNiNS00ZTUyLThhZjktMTgyOGZkZThlYTc3XkEyXkFqcGdeQXVyMTQxNzMzNDI@._V1_.jpg', u'width': 1280, u'height': 1891}",778436,8.4,tt0112573,Braveheart,feature,1995
True,"{u'url': u'https://images-na.ssl-images-amazon.com/images/M/MV5BMTQyNjA5NzU5MV5BMl5BanBnXkFtZTgwMDk1MTA5MTE@._V1_.jpg', u'width': 350, u'height': 500}",104758,8.4,tt0022100,M,feature,1931
True,"{u'url': u'https://images-na.ssl-images-amazon.com/images/M/MV5BOTdiNzJlOWUtNWMwNS00NmFlLWI0YTEtZmI3YjIzZWUyY2Y3XkEyXkFqcGdeQXVyNjU0OTQ0OTY@._V1_.jpg', u'width': 1280, u'height': 1920}",606268,8.4,tt0180093,Requiem for a Dream,feature,2000
True,"{u'url': u'https://images-na.ssl-images-amazon.com/images/M/MV5BMTA3MjVkMWMtYTQ4ZC00ODczLWFjYmQtMDFkZDQ2Y2M0NDVmXkEyXkFqcGdeQXVyMTQxNzMzNDI@._V1_.jpg', u'width': 1278, u'height': 1900}",565071,8.4,tt0211915,Amélie,feature,2001
True,"{u'url': u'https://images-na.ssl-images-amazon.com/images/M/MV5BMTY3MjM1Mzc4N15BMl5BanBnXkFtZTgwODM0NzAxMDE@._V1_.jpg', u'width': 878, u'height': 1300}",591719,8.3,tt0066921,A Clockwork Orange,feature,1971
True,"{u'url': u'https://images-na.ssl-images-amazon.com/images/M/MV5BNTVmYTk2NjAtYzY3MS00YjFjLTlkYzktYzg3YzMyZDQyOWRiXkEyXkFqcGdeQXVyNjQ2MjQ5NzM@._V1_.jpg', u'width': 1039, u'height': 1500}",98958,8.5,tt0986264,Like Stars on Earth,feature,2007
True,"{u'url': u'https://images-na.ssl-images-amazon.com/images/M/MV5BNGQxNDgzZWQtZTNjNi00M2RkLWExZmEtNmE1NjEyZDEwMzA5XkEyXkFqcGdeQXVyMTQxNzMzNDI@._V1_.jpg', u'width': 1889, u'height': 2886}",539551,8.3,tt0075314,Taxi Driver,feature,1976
True,"{u'url': u'https://images-na.ssl-images-amazon.com/images/M/MV5BYWY5ZjhjNGYtZmI2Ny00ODM0LWFkNzgtZmI1YzA2N2MxMzA0XkEyXkFqcGdeQXVyNjUwNzk3NDc@._V1_.jpg', u'width': 1920, u'height': 2767}",203934,8.3,tt0056172,Lawrence of Arabia,feature,1962
True,"{u'url': u'https://images-na.ssl-images-amazon.com/images/M/MV5BZmRmYmZkZTktZDc5ZC00ZjZmLTg4NWMtYjM3MjcyNTVjNGQ5L2ltYWdlL2ltYWdlXkEyXkFqcGdeQXVyNjc1NTYyMjg@._V1_.jpg', u'width': 998, u'height': 1500}",103803,8.4,tt0036775,Double Indemnity,feature,1944
True,"{u'url': u'https://images-na.ssl-images-amazon.com/images/M/MV5BMTY4NzcwODg3Nl5BMl5BanBnXkFtZTcwNTEwOTMyMw@@._V1_.jpg', u'width': 1382, u'height': 2048}",708081,8.3,tt0338013,Eternal Sunshine of the Spotless Mind,feature,2004
True,"{u'url': u'https://images-na.ssl-images-amazon.com/images/M/MV5BN2YxZDUxYzMtYzQxNy00NTRjLThmZjQtY2Q4Njg2MTUyOTkzL2ltYWdlL2ltYWdlXkEyXkFqcGdeQXVyNjU0OTQ0OTY@._V1_.jpg', u'width': 1956, u'height': 2931}",228497,8.3,tt0056592,To Kill a Mockingbird,feature,1962
True,"{u'url': u'https://images-na.ssl-images-amazon.com/images/M/MV5BMTg5NDkwMTk5N15BMl5BanBnXkFtZTYwODg3MDk2._V1_.jpg', u'width': 475, u'height': 704}",286968,8.3,tt0086879,Amadeus,feature,1984
True,"{u'url': u'https://images-na.ssl-images-amazon.com/images/M/MV5BMTgxOTY4Mjc0MF5BMl5BanBnXkFtZTcwNTA4MDQyMw@@._V1_.jpg', u'width': 1448, u'height': 2048}",579110,8.3,tt0435761,Toy Story 3,feature,2010
True,"{u'url': u'https://images-na.ssl-images-amazon.com/images/M/MV5BNzc2ZThkOGItZGY5YS00MDYwLTkyOTAtNDRmZWIwMGRhYTc0L2ltYWdlXkEyXkFqcGdeQXVyNjU0OTQ0OTY@._V1_.jpg', u'width': 1945, u'height': 2963}",515206,8.3,tt0093058,Full Metal Jacket,feature,1987
True,"{u'url': u'https://images-na.ssl-images-amazon.com/images/M/MV5BMTQ4MzQzMzM2Nl5BMl5BanBnXkFtZTgwMTQ1NzU3MDI@._V1_.jpg', u'width': 1462, u'height': 2048}",40386,8.9,tt5074352,Dangal,feature,2016
True,"{u'url': u'https://images-na.ssl-images-amazon.com/images/M/MV5BMTY5MjM1OTAyOV5BMl5BanBnXkFtZTgwMDkwODg4MDE@._V1._CR52,57,915,1388_.jpg', u'width': 915, u'height': 1388}",185765,8.3,tt0070735,The Sting,feature,1973
True,"{u'url': u'https://images-na.ssl-images-amazon.com/images/M/MV5BMTZkZTBhYmUtMTIzNy00YTViLTg1OWItNGUwMmVlN2FjZTVkXkEyXkFqcGdeQXVyNDYyMDk5MTU@._V1_.jpg', u'width': 1080, u'height': 1600}",453921,8.3,tt0062622,2001: A Space Odyssey,feature,1968
True,"{u'url': u'https://images-na.ssl-images-amazon.com/images/M/MV5BZDRjNGViMjQtOThlMi00MTA3LThkYzQtNzJkYjBkMGE0YzE1XkEyXkFqcGdeQXVyNDYyMDk5MTU@._V1_.jpg', u'width': 542, u'height': 792}",161538,8.3,tt0045152,Singin' in the Rain,feature,1952
True,"{u'url': u'https://images-na.ssl-images-amazon.com/images/M/MV5BMDU2ZWJlMjktMTRhMy00ZTA5LWEzNDgtYmNmZTEwZTViZWJkXkEyXkFqcGdeQXVyNDQ2OTk4MzI@._V1_.jpg', u'width': 1005, u'height': 1500}",664960,8.3,tt0114709,Toy Story,feature,1995
True,"{u'url': u'https://images-na.ssl-images-amazon.com/images/M/MV5BOTI3NTcwNzEtNDA1MS00ZjE0LThkNDEtMmU4MjVmNTQ1ZDBmXkEyXkFqcGdeQXVyNjc1NTYyMjg@._V1_.jpg', u'width': 624, u'height': 900}",101229,8.3,tt0040522,Bicycle Thieves,feature,1948
True,"{u'url': u'https://images-na.ssl-images-amazon.com/images/M/MV5BZjhhMThhNDItNTY2MC00MmU1LTliNDEtNDdhZjdlNTY5ZDQ1XkEyXkFqcGdeQXVyNjc1NTYyMjg@._V1_.jpg', u'width': 771, u'height': 1161}",73907,8.3,tt0012349,The Kid,feature,1921
True,"{u'url': u'https://images-na.ssl-images-amazon.com/images/M/MV5BNjAzMzEwYzctNjc1MC00Nzg5LWFmMGItMTgzYmMyNTY2OTQ4XkEyXkFqcGdeQXVyNjU0OTQ0OTY@._V1_.jpg', u'width': 2082, u'height': 3000}",44097,8.6,tt0476735,My Father and My Son,feature,2005
True,"{u'url': u'https://images-na.ssl-images-amazon.com/images/M/MV5BOTJiNDEzOWYtMTVjOC00ZjlmLWE0NGMtZmE1OWVmZDQ2OWJhXkEyXkFqcGdeQXVyNTIzOTk5ODM@._V1_.jpg', u'width': 2025, u'height': 3000}",945577,8.3,tt0361748,Inglourious Basterds,feature,2009
True,"{u'url': u'https://images-na.ssl-images-amazon.com/images/M/MV5BMTA2NDYxOGYtYjU1Mi00Y2QzLTgxMTQtMWI1MGI0ZGQ5MmU4XkEyXkFqcGdeQXVyNDk3NzU2MTQ@._V1_.jpg', u'width': 1026, u'height': 1500}",632547,8.3,tt0208092,Snatch,feature,2000
True,"{u'url': u'https://images-na.ssl-images-amazon.com/images/M/MV5BZWRlNDdkNzItMzhlZC00YTdmLWIwNjktYjY5NjQ1ZmQ3N2FkXkEyXkFqcGdeQXVyNjU0OTQ0OTY@._V1_.jpg', u'width': 1110, u'height': 1485}",233228,8.4,tt1187043,3 Idiots,feature,2009
True,"{u'url': u'https://images-na.ssl-images-amazon.com/images/M/MV5BNmNmZjViNTQtNDQ5Mi00MDYzLWI5YWMtNDUyZGNmMGZhNDg4XkEyXkFqcGdeQXVyNTA4NzY1MzY@._V1_.jpg', u'width': 520, u'height': 768}",401224,8.3,tt0071853,Monty Python and the Holy Grail,feature,1975
True,"{u'url': u'https://images-na.ssl-images-amazon.com/images/M/MV5BMDBlYzAwZDktNzM2MS00YzBlLWI4ODQtZTlkNmMxZDc3NGRkXkEyXkFqcGdeQXVyMTQxNzMzNDI@._V1_.jpg', u'width': 580, u'height': 858}",434320,8.3,tt0119488,L.A. Confidential,feature,1997
True,"{u'url': u'https://images-na.ssl-images-amazon.com/images/M/MV5BMTQzMjIzOTEzMF5BMl5BanBnXkFtZTcwMTUzNTk3NA@@._V1_.jpg', u'width': 682, u'height': 1023}",168262,8.3,tt0059578,For a Few Dollars More,feature,1965
True,"{u'url': u'https://images-na.ssl-images-amazon.com/images/M/MV5BMjAzOTM4MzEwNl5BMl5BanBnXkFtZTgwMzU1OTc1MDE@._V1_.jpg', u'width': 675, u'height': 1000}",568841,8.3,tt0086250,Scarface,feature,1983
True,"{u'url': u'https://images-na.ssl-images-amazon.com/images/M/MV5BMTg2NDg3ODg4NF5BMl5BanBnXkFtZTcwNzk3NTc3Nw@@._V1_.jpg', u'width': 4134, u'height': 5906}",188291,8.3,tt2106476,The Hunt,feature,2012
True,"{u'url': u'https://images-na.ssl-images-amazon.com/images/M/MV5BN2YxYmUyZGItZWEzYy00NTA3LThhM2UtZThhNDM5NWYxZGQ1L2ltYWdlL2ltYWdlXkEyXkFqcGdeQXVyNjU0OTQ0OTY@._V1_.jpg', u'width': 1792, u'height': 2769}",116472,8.3,tt0053604,The Apartment,feature,1960
True,"{u'url': u'https://images-na.ssl-images-amazon.com/images/M/MV5BOTI0MzcxMTYtZDVkMy00NjY1LTgyMTYtZmUxN2M3NmQ2NWJhXkEyXkFqcGdeQXVyMTQxNzMzNDI@._V1_.jpg', u'width': 983, u'height': 1500}",646259,8.3,tt0119217,Good Will Hunting,feature,1997
True,"{u'url': u'https://images-na.ssl-images-amazon.com/images/M/MV5BMTk1MDU5MjQ5NF5BMl5BanBnXkFtZTgwMDM2OTE4MzE@._V1_.jpg', u'width': 1440, u'height': 2048}",109271,8.3,tt0042876,Rashomon,feature,1950
True,"{u'url': u'https://images-na.ssl-images-amazon.com/images/M/MV5BMTYzMzU4NDUwOF5BMl5BanBnXkFtZTcwMTM5MjA5Ng@@._V1_.jpg', u'width': 893, u'height': 1323}",162658,8.4,tt1832382,A Separation,feature,2011
True,"{u'url': u'https://images-na.ssl-images-amazon.com/images/M/MV5BNDAzNTkyODg1MF5BMl5BanBnXkFtZTgwMDA3NDkwMDE@._V1_.jpg', u'width': 323, u'height': 500}",118751,8.3,tt0017136,Metropolis,feature,1927
True,"{u'url': u'https://images-na.ssl-images-amazon.com/images/M/MV5BMjNkMzc2N2QtNjVlNS00ZTk5LTg0MTgtODY2MDAwNTMwZjBjXkEyXkFqcGdeQXVyNDk3NzU2MTQ@._V1_.jpg', u'width': 1500, u'height': 2212}",545256,8.3,tt0097576,Indiana Jones and the Last Crusade,feature,1989
True,"{u'url': u'https://images-na.ssl-images-amazon.com/images/M/MV5BMTY2MTAzODI5NV5BMl5BanBnXkFtZTgwMjM4NzQ0MjE@._V1_.jpg', u'width': 1000, u'height': 1500}",87893,8.3,tt0042192,All About Eve,feature,1950
True,"{u'url': u'https://images-na.ssl-images-amazon.com/images/M/MV5BZThiZjAzZjgtNDU3MC00YThhLThjYWUtZGRkYjc2ZWZlOTVjXkEyXkFqcGdeQXVyNTA4NzY1MzY@._V1_.jpg', u'width': 799, u'height': 1200}",78387,8.3,tt0055630,Yojimbo,feature,1961
True,"{u'url': u'https://images-na.ssl-images-amazon.com/images/M/MV5BNTM3OTc0MzM2OV5BMl5BanBnXkFtZTYwNzUwMTI3._V1_.jpg', u'width': 485, u'height': 721}",1036605,8.3,tt0372784,Batman Begins,feature,2005
True,"{u'url': u'https://images-na.ssl-images-amazon.com/images/M/MV5BMTk3NDE2NzI4NF5BMl5BanBnXkFtZTgwNzE1MzEyMTE@._V1_.jpg', u'width': 704, u'height': 1060}",712091,8.3,tt1049413,Up,feature,2009
True,"{u'url': u'https://images-na.ssl-images-amazon.com/images/M/MV5BNzAyOGIxYjAtMGY2NC00ZTgyLWIwMWEtYzY0OWQ4NDFjOTc5XkEyXkFqcGdeQXVyNjU0OTQ0OTY@._V1_.jpg', u'width': 1807, u'height': 2800}",185000,8.3,tt0053291,Some Like It Hot,feature,1959
True,"{u'url': u'https://images-na.ssl-images-amazon.com/images/M/MV5BMTQ4MzUzOTYwOV5BMl5BanBnXkFtZTgwNDA4MzgyMjE@._V1_.jpg', u'width': 338, u'height': 500}",83550,8.3,tt0040897,The Treasure of the Sierra Madre,feature,1948
True,"{u'url': u'https://images-na.ssl-images-amazon.com/images/M/MV5BODM3YWY4NmQtN2Y3Ni00OTg0LWFhZGQtZWE3ZWY4MTJlOWU4XkEyXkFqcGdeQXVyNjU0OTQ0OTY@._V1_.jpg', u'width': 2100, u'height': 3155}",292838,8.3,tt0105695,Unforgiven,feature,1992
True,"{u'url': u'https://images-na.ssl-images-amazon.com/images/M/MV5BMTM1OTI1MjE2Nl5BMl5BanBnXkFtZTcwMTEwMzc4NA@@._V1_.jpg', u'width': 1382, u'height': 2048}",261862,8.3,tt0363163,Downfall,feature,2004
True,"{u'url': u'https://images-na.ssl-images-amazon.com/images/M/MV5BMjIxOTg3OTc5MF5BMl5BanBnXkFtZTcwNzkwNjMwNA@@._V1_.jpg', u'width': 682, u'height': 1023}",247374,8.2,tt0081398,Raging Bull,feature,1980
True,"{u'url': u'https://images-na.ssl-images-amazon.com/images/M/MV5BMzNmY2IwYzAtNDQ1NC00MmI4LThkOTgtZmVhYmExOTVhMWRkXkEyXkFqcGdeQXVyMTk5NDA3Nw@@._V1_.jpg', u'width': 580, u'height': 859}",624294,8.2,tt0095016,Die Hard,feature,1988
True,"{u'url': u'https://images-na.ssl-images-amazon.com/images/M/MV5BZjQxYmRkMjgtMmZkZi00ZDYyLTk5OTktZWZjZTEzNGZlMWEwXkEyXkFqcGdeQXVyNDYyMDk5MTU@._V1_.jpg', u'width': 800, u'height': 1193}",120101,8.3,tt0041959,The Third Man,feature,1949
True,"{u'url': u'https://images-na.ssl-images-amazon.com/images/M/MV5BZTYwZWQ4ZTQtZWU0MS00N2YwLWEzMDItZWFkZWY0MWVjODVhXkEyXkFqcGdeQXVyNjU0OTQ0OTY@._V1_.jpg', u'width': 580, u'height': 892}",33472,8.4,tt0118849,Children of Heaven,feature,1997
True,"{u'url': u'https://images-na.ssl-images-amazon.com/images/M/MV5BNGMwNzUwNjYtZWM5NS00YzMyLWI4NjAtNjM0ZDBiMzE1YWExXkEyXkFqcGdeQXVyNDk3NzU2MTQ@._V1_.jpg', u'width': 1935, u'height': 2850}",453139,8.2,tt0113277,Heat,feature,1995
True,"{u'url': u'https://images-na.ssl-images-amazon.com/images/M/MV5BMjI2MTQwNDI3Nl5BMl5BanBnXkFtZTcwNDk4MTkzNA@@._V1_.jpg', u'width': 682, u'height': 1023}",175038,8.2,tt0057115,The Great Escape,feature,1963
True,"{u'url': u'https://images-na.ssl-images-amazon.com/images/M/MV5BYWRkNGJhMmEtMWM3Ni00MDc3LThhMTQtMWI2OTMxYmE5MTZhXkEyXkFqcGdeQXVyNTAyODkwOQ@@._V1_.jpg', u'width': 1000, u'height': 1476}",228426,8.2,tt0071315,Chinatown,feature,1974
True,"{u'url': u'https://images-na.ssl-images-amazon.com/images/M/MV5BMTU3ODg2NjQ5NF5BMl5BanBnXkFtZTcwMDEwODgzMQ@@._V1_.jpg', u'width': 689, u'height': 1014}",493420,8.2,tt0457430,Pan's Labyrinth,feature,2006
True,"{u'url': u'https://images-na.ssl-images-amazon.com/images/M/MV5BMWU4NmM5OTgtODk1MC00NThiLThkNjMtOWM5MGIzYjEyNmY5XkEyXkFqcGdeQXVyNTI4MjkwNjA@._V1_.jpg', u'width': 728, u'height': 1024}",45323,8.3,tt0044741,Ikiru,feature,1952
True,"{u'url': u'https://images-na.ssl-images-amazon.com/images/M/MV5BOTgxMDQwMDk0OF5BMl5BanBnXkFtZTgwNjU5OTg2NDE@._V1_.jpg', u'width': 1086, u'height': 1609}",405509,8.2,tt2096673,Inside Out,feature,2015
True,"{u'url': u'https://images-na.ssl-images-amazon.com/images/M/MV5BMjE3NzY5ODQwMV5BMl5BanBnXkFtZTcwNzY1NzcxNw@@._V1_.jpg', u'width': 500, u'height': 690}",188064,8.2,tt0096283,My Neighbor Totoro,feature,1988
True,"{u'url': u'https://images-na.ssl-images-amazon.com/images/M/MV5BODQyMDAzMTQ3OV5BMl5BanBnXkFtZTgwNjUyMTM2MTE@._V1_.jpg', u'width': 337, u'height': 500}",25371,8.4,tt0060107,Andrei Rublev,feature,1966
True,"{u'url': u'https://images-na.ssl-images-amazon.com/images/M/MV5BZDBjZTM4ZmEtOTA5ZC00NTQzLTkyNzYtMmUxNGU2YjI5YjU5L2ltYWdlXkEyXkFqcGdeQXVyNTAyODkwOQ@@._V1_.jpg', u'width': 1072, u'height': 1518}",82234,8.2,tt0089881,Ran,feature,1985
True,"{u'url': u'https://images-na.ssl-images-amazon.com/images/M/MV5BMjFiZDg3MDgtOTdiNC00ZGFiLWIyN2ItNDhkNGI5ZThkOTE3XkEyXkFqcGdeQXVyNjc1NTYyMjg@._V1_.jpg', u'width': 492, u'height': 755}",107010,8.2,tt0047296,On the Waterfront,feature,1954
True,"{u'url': u'https://images-na.ssl-images-amazon.com/images/M/MV5BZjEyOTE4MzMtNmMzMy00Mzc3LWJlOTQtOGJiNDE0ZmJiOTU4L2ltYWdlXkEyXkFqcGdeQXVyNTAyODkwOQ@@._V1_.jpg', u'width': 671, u'height': 918}",72589,8.2,tt0015864,The Gold Rush,feature,1925
True,"{u'url': u'https://images-na.ssl-images-amazon.com/images/M/MV5BMjE4NzgzNzEwMl5BMl5BanBnXkFtZTgwMTMzMDE0NjE@._V1_.jpg', u'width': 972, u'height': 1440}",215688,8.2,tt3170832,Room,feature,2015
True,"{u'url': u'https://images-na.ssl-images-amazon.com/images/M/MV5BMTgwNTI3OTczOV5BMl5BanBnXkFtZTcwMTM3MTUyMw@@._V1_.jpg', u'width': 889, u'height': 1315}",142277,8.2,tt1305806,The Secret in Their Eyes,feature,2009
True,"{u'url': u'https://images-na.ssl-images-amazon.com/images/M/MV5BYjE1MzU4NWEtYjhjZS00NzM3LWIyYjQtMWU1M2VkNWYzMzMwXkEyXkFqcGdeQXVyNjc1NTYyMjg@._V1_.jpg', u'width': 520, u'height': 770}",158233,8.2,tt0050212,The Bridge on the River Kwai,feature,1957
True,"{u'url': u'https://images-na.ssl-images-amazon.com/images/M/MV5BZWZlYmEyYTItNGRjYy00ZmMxLWEzMWItM2Q2NjZlNTMwMjQ3XkEyXkFqcGdeQXVyNDYyMDk5MTU@._V1_.jpg', u'width': 998, u'height': 1500}",487271,8.2,tt0083658,Blade Runner,feature,1982
True,"{u'url': u'https://images-na.ssl-images-amazon.com/images/M/MV5BMTY1OTg0MjE3MV5BMl5BanBnXkFtZTcwNTUxMTkyMQ@@._V1_.jpg', u'width': 1578, u'height': 2340}",230490,8.2,tt0347149,Howl's Moving Castle,feature,2004
True,"{u'url': u'https://images-na.ssl-images-amazon.com/images/M/MV5BZTYwYjYxYzgtMDE1Ni00NzU4LWJlMTEtODQ5YmJmMGJhZjI5L2ltYWdlXkEyXkFqcGdeQXVyMDI2NDg0NQ@@._V1_.jpg', u'width': 1622, u'height': 2448}",81465,8.2,tt0031679,Mr. Smith Goes to Washington,feature,1939
True,"{u'url': u'https://images-na.ssl-images-amazon.com/images/M/MV5BM2I1ZWU4YjMtYzU0My00YmMzLWFmNTAtZDJhZGYwMmI3YWQ5XkEyXkFqcGdeQXVyNjU0OTQ0OTY@._V1_.jpg', u'width': 1600, u'height': 2400}",118580,8.2,tt0050976,The Seventh Seal,feature,1957
True,"{u'url': u'https://images-na.ssl-images-amazon.com/images/M/MV5BMTAyN2JmZmEtNjAyMy00NzYwLThmY2MtYWQ3OGNhNjExMmM4XkEyXkFqcGdeQXVyNDk3NzU2MTQ@._V1_.jpg', u'width': 1600, u'height': 2400}",435700,8.2,tt0120735,"Lock, Stock and Two Smoking Barrels",feature,1998
True,"{u'url': u'https://images-na.ssl-images-amazon.com/images/M/MV5BMjEyNTA3Njk4M15BMl5BanBnXkFtZTcwMzkzMzY3Mw@@._V1_.jpg', u'width': 891, u'height': 1280}",90733,8.2,tt1255953,Incendies,feature,2010
True,"{u'url': u'https://images-na.ssl-images-amazon.com/images/M/MV5BNDc2ODQ5NTE2MV5BMl5BanBnXkFtZTcwODExMjUyNA@@._V1_.jpg', u'width': 682, u'height': 1023}",47968,8.3,tt0055031,Judgment at Nuremberg,feature,1961
True,"{u'url': u'https://images-na.ssl-images-amazon.com/images/M/MV5BMTcxOWYzNDYtYmM4YS00N2NkLTk0NTAtNjg1ODgwZjAxYzI3XkEyXkFqcGdeQXVyNTA4NzY1MzY@._V1_.jpg', u'width': 800, u'height': 1200}",353550,8.2,tt0112641,Casino,feature,1995
True,"{u'url': u'https://images-na.ssl-images-amazon.com/images/M/MV5BMzcwYWFkYzktZjAzNC00OGY1LWI4YTgtNzc5MzVjMDVmNjY0XkEyXkFqcGdeQXVyMTQxNzMzNDI@._V1_.jpg', u'width': 1010, u'height': 1500}",653042,8.2,tt0268978,A Beautiful Mind,feature,2001
True,"{u'url': u'https://images-na.ssl-images-amazon.com/images/M/MV5BMDVjNjIwOGItNDE3Ny00OThjLWE0NzQtZTU3YjMzZTZjMzhkXkEyXkFqcGdeQXVyMTQxNzMzNDI@._V1_.jpg', u'width': 757, u'height': 1129}",171288,8.2,tt0080678,The Elephant Man,feature,1980
True,"{u'url': u'https://images-na.ssl-images-amazon.com/images/M/MV5BMjgwNjI3NTM1MF5BMl5BanBnXkFtZTgwNzY3MTUyMjE@._V1_.jpg', u'width': 342, u'height': 500}",67119,8.2,tt0050986,Wild Strawberries,feature,1957
True,"{u'url': u'https://images-na.ssl-images-amazon.com/images/M/MV5BMjQ1NjM3MTUxNV5BMl5BanBnXkFtZTgwMDc5MTY5OTE@._V1_.jpg', u'width': 971, u'height': 1500}",176532,8.2,tt2119532,Hacksaw Ridge,feature,2016
True,"{u'url': u'https://images-na.ssl-images-amazon.com/images/M/MV5BOTI5ODc3NzExNV5BMl5BanBnXkFtZTcwNzYxNzQzMw@@._V1_.jpg', u'width': 1383, u'height': 2048}",837739,8.2,tt0434409,V for Vendetta,feature,2005
True,"{u'url': u'https://images-na.ssl-images-amazon.com/images/M/MV5BMjIxMjgxNTk0MF5BMl5BanBnXkFtZTgwNjIyOTg2MDE@._V1_.jpg', u'width': 1382, u'height': 2048}",850721,8.2,tt0993846,The Wolf of Wall Street,feature,2013
True,"{u'url': u'https://images-na.ssl-images-amazon.com/images/M/MV5BMTk4ODk5MTMyNV5BMl5BanBnXkFtZTcwMDMyNTg0Ng@@._V1_.jpg', u'width': 1328, u'height': 2048}",351468,8.2,tt1291584,Warrior,feature,2011
True,"{u'url': u'https://images-na.ssl-images-amazon.com/images/M/MV5BODQxMzMyNTY5Nl5BMl5BanBnXkFtZTcwMDMyNTk3OA@@._V1_.jpg', u'width': 262, u'height': 410}",57030,8.2,tt0017925,The General,feature,1926
True,"{u'url': u'https://images-na.ssl-images-amazon.com/images/M/MV5BOGQ4ZjFmYjktOGNkNS00OWYyLWIyZjgtMGJjM2U1ZTA0ZTlhXkEyXkFqcGdeQXVyNTA4NzY1MzY@._V1_.jpg', u'width': 566, u'height': 800}",39694,8.5,tt0116231,The Bandit,feature,1996
True,"{u'url': u'https://images-na.ssl-images-amazon.com/images/M/MV5BMjIzNzg4MzcxNV5BMl5BanBnXkFtZTgwMTgzNTE0MTE@._V1_.jpg', u'width': 324, u'height': 500}",31869,8.3,tt0018455,Sunrise,feature,1927
True,"{u'url': u'https://images-na.ssl-images-amazon.com/images/M/MV5BMzA5Zjc3ZTMtMmU5YS00YTMwLWI4MWUtYTU0YTVmNjVmODZhXkEyXkFqcGdeQXVyNjU0OTQ0OTY@._V1_.jpg', u'width': 2025, u'height': 3000}",506780,8.2,tt0117951,Trainspotting,feature,1996
True,"{u'url': u'https://images-na.ssl-images-amazon.com/images/M/MV5BMTQyMTczMTAxMl5BMl5BanBnXkFtZTcwOTc1ODE0Mg@@._V1_.jpg', u'width': 353, u'height': 500}",589915,8.2,tt1205489,Gran Torino,feature,2008
True,"{u'url': u'https://images-na.ssl-images-amazon.com/images/M/MV5BMTAzODEzMjE1MTJeQTJeQWpwZ15BbWU3MDE3NjQ5Mzk@._V1_.jpg', u'width': 648, u'height': 984}",49602,8.4,tt1280558,A Wednesday,feature,2008
True,"{u'url': u'https://images-na.ssl-images-amazon.com/images/M/MV5BOWIwODIxYWItZDI4MS00YzhhLWE3MmYtMzlhZDIwOTMzZmE5L2ltYWdlXkEyXkFqcGdeQXVyNjc1NTYyMjg@._V1_.jpg', u'width': 998, u'height': 1500}",113863,8.2,tt0046912,Dial M for Murder,feature,1954
True,"{u'url': u'https://images-na.ssl-images-amazon.com/images/M/MV5BZTFjMjBiYzItNzU5YS00MjdiLWJkOTktNDQ3MTE3ZjY2YTY5XkEyXkFqcGdeQXVyNDk3NzU2MTQ@._V1_.jpg', u'width': 2100, u'height': 3156}",569942,8.2,tt0118715,The Big Lebowski,feature,1998
True,"{u'url': u'https://images-na.ssl-images-amazon.com/images/M/MV5BMTYzYmRmZTQtYjk2NS00MDdlLTkxMDAtMTE2YTM2ZmNlMTBkXkEyXkFqcGdeQXVyNjU0OTQ0OTY@._V1_.jpg', u'width': 2170, u'height': 3200}",245275,8.2,tt0077416,The Deer Hunter,feature,1978
True,"{u'url': u'https://images-na.ssl-images-amazon.com/images/M/MV5BMjEwNzA5MjAwN15BMl5BanBnXkFtZTcwMzY5MzIzMQ@@._V1_.jpg', u'width': 350, u'height': 500}",78601,8.3,tt0405508,Rang De Basanti,feature,2006
True,"{u'url': u'https://images-na.ssl-images-amazon.com/images/M/MV5BMTgxNzY3MzUxOV5BMl5BanBnXkFtZTcwMDA0NjMyNA@@._V1_.jpg', u'width': 682, u'height': 1023}",481089,8.1,tt0116282,Fargo,feature,1996
True,"{u'url': u'https://images-na.ssl-images-amazon.com/images/M/MV5BYWQwOWVkMGItMDU2Yy00YjIzLWJkMjEtNmVkZjE3MjMwYzEzXkEyXkFqcGdeQXVyNjU0OTQ0OTY@._V1_.jpg', u'width': 1928, u'height': 2954}",226788,8.2,tt0031381,Gone with the Wind,feature,1939
True,"{u'url': u'https://images-na.ssl-images-amazon.com/images/M/MV5BYmUwN2VjZjAtZjg1Ny00OTk3LTg5MWYtMTA0OGM5Njk5NmQxXkEyXkFqcGdeQXVyNjU0OTQ0OTY@._V1_.jpg', u'width': 1318, u'height': 1872}",30046,8.3,tt0046438,Tokyo Story,feature,1953
True,"{u'url': u'https://images-na.ssl-images-amazon.com/images/M/MV5BMjQxMjk5ODUxMl5BMl5BanBnXkFtZTgwNDI2MjUwMzE@._V1_.jpg', u'width': 1211, u'height': 1748}",28332,8.3,tt0019254,The Passion of Joan of Arc,feature,1928
True,"{u'url': u'https://images-na.ssl-images-amazon.com/images/M/MV5BMWM4NTFhYjctNzUyNi00NGMwLTk3NTYtMDIyNTZmMzRlYmQyXkEyXkFqcGdeQXVyMTAwMzUyOTc@._V1_.jpg', u'width': 500, u'height': 739}",740660,8.1,tt0167404,The Sixth Sense,feature,1999
True,"{u'url': u'https://images-na.ssl-images-amazon.com/images/M/MV5BZTAzNWZlNmUtZDEzYi00ZjA5LWIwYjEtZGM1NWE1MjE4YWRhXkEyXkFqcGdeQXVyNjU0OTQ0OTY@._V1_.jpg', u'width': 2015, u'height': 3000}",740815,8.1,tt0266543,Finding Nemo,feature,2003
True,"{u'url': u'https://images-na.ssl-images-amazon.com/images/M/MV5BNGViZWZmM2EtNGYzZi00ZDAyLTk3ODMtNzIyZTBjN2Y1NmM1XkEyXkFqcGdeQXVyNTAyODkwOQ@@._V1_.jpg', u'width': 800, u'height': 1200}",275046,8.2,tt0084787,The Thing,feature,1982
True,"{u'url': u'https://images-na.ssl-images-amazon.com/images/M/MV5BMjA5Njk3MjM4OV5BMl5BanBnXkFtZTcwMTc5MTE1MQ@@._V1_.jpg', u'width': 555, u'height': 817}",651948,8.1,tt0477348,No Country for Old Men,feature,2007
True,"{u'url': u'https://images-na.ssl-images-amazon.com/images/M/MV5BOWFlNzZhYmYtYTI5YS00MDQyLWIyNTUtNTRjMWUwNTEzNjA0XkEyXkFqcGdeQXVyNjUwNzk3NDc@._V1_.jpg', u'width': 975, u'height': 1467}",125933,8.2,tt0061512,Cool Hand Luke,feature,1967
True,"{u'url': u'https://images-na.ssl-images-amazon.com/images/M/MV5BYTcxYWExOTMtMWFmYy00ZjgzLWI0YjktNWEzYzJkZTg0NDdmL2ltYWdlXkEyXkFqcGdeQXVyNjc1NTYyMjg@._V1_.jpg', u'width': 997, u'height': 1432}",92390,8.2,tt0032976,Rebecca,feature,1940
True,"{u'url': u'https://images-na.ssl-images-amazon.com/images/M/MV5BMjA5NDQyMjc2NF5BMl5BanBnXkFtZTcwMjg5ODcyMw@@._V1_.jpg', u'width': 1119, u'height': 1665}",517147,8.2,tt0892769,How to Train Your Dragon,feature,2010
True,"{u'url': u'https://images-na.ssl-images-amazon.com/images/M/MV5BMTU1NDg1Mzg4M15BMl5BanBnXkFtZTYwMDExOTc3._V1_.jpg', u'width': 450, u'height': 702}",777518,8.1,tt0266697,Kill Bill: Vol. 1,feature,2003
True,"{u'url': u'https://images-na.ssl-images-amazon.com/images/M/MV5BMjAxODQ4MDU5NV5BMl5BanBnXkFtZTcwMDU4MjU1MQ@@._V1_.jpg', u'width': 510, u'height': 755}",395920,8.1,tt0469494,There Will Be Blood,feature,2007
True,"{u'url': u'https://images-na.ssl-images-amazon.com/images/M/MV5BMTQ1NDIyNTA1Nl5BMl5BanBnXkFtZTcwMjc2Njk3OA@@._V1_.jpg', u'width': 351, u'height': 500}",127362,8.2,tt0978762,Mary and Max,feature,2009
True,"{u'url': u'https://images-na.ssl-images-amazon.com/images/M/MV5BMTAwNDEyODU1MjheQTJeQWpwZ15BbWU2MDc3NDQwNw@@._V1_.jpg', u'width': 450, u'height': 664}",453557,8.1,tt0758758,Into the Wild,feature,2007
True,"{u'url': u'https://images-na.ssl-images-amazon.com/images/M/MV5BY2E3NzNlZGYtMGNmMS00ZGUzLThiYWItYjk0MDQ4MmFlZmUzXkEyXkFqcGdeQXVyNTc2MDU0NDE@._V1_.jpg', u'width': 640, u'height': 960}",29186,8.3,tt0091251,Come and See,feature,1985
True,"{u'url': u'https://images-na.ssl-images-amazon.com/images/M/MV5BMTk0MDQ3MzAzOV5BMl5BanBnXkFtZTgwNzU1NzE3MjE@._V1_.jpg', u'width': 1390, u'height': 2048}",625389,8.1,tt2267998,Gone Girl,feature,2014
True,"{u'url': u'https://images-na.ssl-images-amazon.com/images/M/MV5BMzAwNjU1OTktYjY3Mi00NDY5LWFlZWUtZjhjNGE0OTkwZDkwXkEyXkFqcGdeQXVyMTQxNzMzNDI@._V1_.jpg', u'width': 863, u'height': 1354}",286812,8.1,tt0079470,Life of Brian,feature,1979
True,"{u'url': u'https://images-na.ssl-images-amazon.com/images/M/MV5BZmViYmM5OTYtNGQ4Ny00YjQyLThiNjEtYTE4MGZhZTNmZjcyL2ltYWdlL2ltYWdlXkEyXkFqcGdeQXVyNjU0OTQ0OTY@._V1_.jpg', u'width': 1280, u'height': 1974}",69168,8.2,tt0025316,It Happened One Night,feature,1934
True,"{u'url': u'https://images-na.ssl-images-amazon.com/images/M/MV5BMTMxMTIyNzMxMV5BMl5BanBnXkFtZTcwOTc4OTI3Mg@@._V1_.jpg', u'width': 501, u'height': 755}",843261,8.1,tt1130884,Shutter Island,feature,2010
True,"{u'url': u'https://images-na.ssl-images-amazon.com/images/M/MV5BY2JlMGI1YWQtYjBhMi00NTJiLTgxMzUtMGU4NThlZTAyYmMxXkEyXkFqcGdeQXVyNTA4NzY1MzY@._V1_.jpg', u'width': 1000, u'height': 1500}",49368,8.3,tt0374887,Munna Bhai M.B.B.S.,feature,2003
True,"{u'url': u'https://images-na.ssl-images-amazon.com/images/M/MV5BZmJlOTE1ZTgtODdmNC00NmZhLThlZDYtNTllMmIyOTIwN2EwL2ltYWdlL2ltYWdlXkEyXkFqcGdeQXVyMTQxNzMzNDI@._V1_.jpg', u'width': 605, u'height': 951}",306694,8.1,tt0091763,Platoon,feature,1986
True,"{u'url': u'https://images-na.ssl-images-amazon.com/images/M/MV5BMTI2MzQyNTc1M15BMl5BanBnXkFtZTYwMjExNjc3._V1_.jpg', u'width': 333, u'height': 500}",277772,8.1,tt0395169,Hotel Rwanda,feature,2004
True,"{u'url': u'https://images-na.ssl-images-amazon.com/images/M/MV5BOWEwODJmZDItYTNmZC00OGM4LThlNDktOTQzZjIzMGQxODA4XkEyXkFqcGdeQXVyNjU0OTQ0OTY@._V1_.jpg', u'width': 1944, u'height': 2880}",335098,8.1,tt1979320,Rush,feature,2013
True,"{u'url': u'https://images-na.ssl-images-amazon.com/images/M/MV5BNzk5MjcxNTg2MF5BMl5BanBnXkFtZTgwMzY2MTUxMDE@._V1_.jpg', u'width': 373, u'height': 500}",110082,8.1,tt0074958,Network,feature,1976
True,"{u'url': u'https://images-na.ssl-images-amazon.com/images/M/MV5BNzAzMjA1ODAxOV5BMl5BanBnXkFtZTgwODg4NTQzNDE@._V1_.jpg', u'width': 1382, u'height': 2048}",106591,8.1,tt3011894,Wild Tales,feature,2014
True,"{u'url': u'https://images-na.ssl-images-amazon.com/images/M/MV5BMTQ5MzkyNDgyMF5BMl5BanBnXkFtZTgwODg2MTMzMjE@._V1_.jpg', u'width': 340, u'height': 500}",37649,8.2,tt0046268,The Wages of Fear,feature,1953
True,"{u'url': u'https://images-na.ssl-images-amazon.com/images/M/MV5BMjIxODliZDYtMGMyYy00ZDQzLTgzOTMtMWY5YWEyNTBhNzk5L2ltYWdlL2ltYWdlXkEyXkFqcGdeQXVyMTQxNzMzNDI@._V1_.jpg', u'width': 469, u'height': 710}",287171,8.1,tt0092005,Stand by Me,feature,1986
True,"{u'url': u'https://images-na.ssl-images-amazon.com/images/M/MV5BMWQ0ZGU3NDUtYjRkNS00Yzg4LTgxMTItMjExYjg3ZjgyMGRkXkEyXkFqcGdeQXVyNjU0OTQ0OTY@._V1_.jpg', u'width': 1550, u'height': 2300}",117395,8.1,tt0107207,In the Name of the Father,feature,1993
True,"{u'url': u'https://images-na.ssl-images-amazon.com/images/M/MV5BMjIyOTM5OTIzNV5BMl5BanBnXkFtZTgwMDkzODE2NjE@._V1_.jpg', u'width': 1893, u'height': 2800}",258732,8.1,tt1895587,Spotlight,feature,2015
True,"{u'url': u'https://images-na.ssl-images-amazon.com/images/M/MV5BOWQ0YTUzYzItYjI0MC00OTZmLWE1MWQtY2EzMzU2MTlmMmJjXkEyXkFqcGdeQXVyMDkwNTkwNg@@._V1_.jpg', u'width': 585, u'height': 767}",36766,8.3,tt0073707,Sholay,feature,1975
True,"{u'url': u'https://images-na.ssl-images-amazon.com/images/M/MV5BYTQ4MjA4NmYtYjRhNi00MTEwLTg0NjgtNjk3ODJlZGU4NjRkL2ltYWdlL2ltYWdlXkEyXkFqcGdeQXVyNjU0OTQ0OTY@._V1_.jpg', u'width': 1205, u'height': 1600}",74658,8.1,tt0053198,The 400 Blows,feature,1959
True,"{u'url': u'https://images-na.ssl-images-amazon.com/images/M/MV5BMTUyMTE0ODcxNF5BMl5BanBnXkFtZTgwODE4NDQzNTE@._V1_.jpg', u'width': 1407, u'height': 2048}",620075,8.1,tt1392190,Mad Max: Fury Road,feature,2015
True,"{u'url': u'https://images-na.ssl-images-amazon.com/images/M/MV5BMjExMTEzODkyN15BMl5BanBnXkFtZTcwNTU4NTc4OQ@@._V1_.jpg', u'width': 509, u'height': 755}",478253,8.1,tt2024544,12 Years a Slave,feature,2013
True,"{u'url': u'https://images-na.ssl-images-amazon.com/images/M/MV5BZTYwNDdmNmEtOGZhYS00MjRiLWIzOWUtNDQxNzg4ZTVjMGE1XkEyXkFqcGdeQXVyNjQ2MjQ5NzM@._V1_.jpg', u'width': 1050, u'height': 1500}",37168,8.3,tt0242519,Hera Pheri,feature,2000
True,"{u'url': u'https://images-na.ssl-images-amazon.com/images/M/MV5BMzM5NjUxOTEyMl5BMl5BanBnXkFtZTgwNjEyMDM0MDE@._V1_.jpg', u'width': 1350, u'height': 2000}",521921,8.1,tt2278388,The Grand Budapest Hotel,feature,2014
True,"{u'url': u'https://images-na.ssl-images-amazon.com/images/M/MV5BMTkyMTM2NDk5Nl5BMl5BanBnXkFtZTgwNzY1NzEyMDE@._V1_.jpg', u'width': 675, u'height': 1000}",160518,8.1,tt0064115,Butch Cassidy and the Sundance Kid,feature,1969
True,"{u'url': u'https://images-na.ssl-images-amazon.com/images/M/MV5BNjgxY2JiZDYtZmMwOC00ZmJjLWJmODUtMTNmNWNmYWI5ODkwL2ltYWdlL2ltYWdlXkEyXkFqcGdeQXVyNjc1NTYyMjg@._V1_.jpg', u'width': 1977, u'height': 3000}",171410,8.1,tt0052618,Ben-Hur,feature,1959
True,"{u'url': u'https://images-na.ssl-images-amazon.com/images/M/MV5BMTc1OTgxNjYyNF5BMl5BanBnXkFtZTcwNjM2MjM2NQ@@._V1_.jpg', u'width': 649, u'height': 1023}",66749,8.1,tt0060827,Persona,feature,1966
True,"{u'url': u'https://images-na.ssl-images-amazon.com/images/M/MV5BMTkxNzA1NDQxOV5BMl5BanBnXkFtZTcwNTkyMTIzMw@@._V1_.jpg', u'width': 1390, u'height': 2048}",510008,8.1,tt0405159,Million Dollar Baby,feature,2004
True,"{u'url': u'https://images-na.ssl-images-amazon.com/images/M/MV5BMTc4MDEzOTMwMl5BMl5BanBnXkFtZTgwMTc2NjgyMjE@._V1_.jpg', u'width': 338, u'height': 500}",119532,8.1,tt0033870,The Maltese Falcon,feature,1941
True,"{u'url': u'https://images-na.ssl-images-amazon.com/images/M/MV5BZjYwYzliYTktMzk3MS00MzE0LTllM2QtMDk3MTFmOGQ2MjE0XkEyXkFqcGdeQXVyMTQxNzMzNDI@._V1_.jpg', u'width': 564, u'height': 838}",182094,8.1,tt0245712,Amores Perros,feature,2000
True,"{u'url': u'https://images-na.ssl-images-amazon.com/images/M/MV5BZjllMDcyY2YtZDc5Zi00NDRlLThkZmItMTJhOWZmYjM0NmQyXkEyXkFqcGdeQXVyNTc1NDM0NDU@._V1_.jpg', u'width': 836, u'height': 1200}",28279,8.2,tt0050783,The Nights of Cabiria,feature,1957
True,"{u'url': u'https://images-na.ssl-images-amazon.com/images/M/MV5BOTAzODEzNDAzMl5BMl5BanBnXkFtZTgwMDU1MTgzNzE@._V1_.jpg', u'width': 2194, u'height': 3240}",647160,8.1,tt2488496,Star Wars: Episode VII - The Force Awakens,feature,2015
True,"{u'url': u'https://images-na.ssl-images-amazon.com/images/M/MV5BMjM2MDgxMDg0Nl5BMl5BanBnXkFtZTgwNTM2OTM5NDE@._V1_.jpg', u'width': 667, u'height': 1000}",655676,8.1,tt0107290,Jurassic Park,feature,1993
True,"{u'url': u'https://images-na.ssl-images-amazon.com/images/M/MV5BMGM4M2Q5N2MtNThkZS00NTc1LTk1NTItNWEyZjJjNDRmNDk5XkEyXkFqcGdeQXVyMjA0MDQ0Mjc@._V1_.jpg', u'width': 1083, u'height': 1600}",309680,8.1,tt0093779,The Princess Bride,feature,1987
True,"{u'url': u'https://images-na.ssl-images-amazon.com/images/M/MV5BZWYyYTk5ODQtNjFjZi00ZDFlLWEwNGEtNGQwZTdmYWRhNmU3L2ltYWdlXkEyXkFqcGdeQXVyNTAyODkwOQ@@._V1_.jpg', u'width': 1531, u'height': 2297}",74306,8.1,tt0353969,Memories of Murder,feature,2003
True,"{u'url': u'https://images-na.ssl-images-amazon.com/images/M/MV5BNWE2MjhjMmMtNzQyMS00MmI0LTlkOTUtZDVlZjFlNmZkNDgyL2ltYWdlXkEyXkFqcGdeQXVyNjQ2MjQ5NzM@._V1_.jpg', u'width': 663, u'height': 924}",37796,8.4,tt0109117,Andaz Apna Apna,feature,1994
True,"{u'url': u'https://images-na.ssl-images-amazon.com/images/M/MV5BMTAxMDA2MjM4NDReQTJeQWpwZ15BbWU3MDE0NTgxMTM@._V1_.jpg', u'width': 300, u'height': 430}",173684,8.1,tt1028532,Hachi: A Dog's Tale,feature,2009
True,"{u'url': u'https://images-na.ssl-images-amazon.com/images/M/MV5BNDY2NjU0NDAxOF5BMl5BanBnXkFtZTgwNjQ4MTI2MTE@._V1_.jpg', u'width': 351, u'height': 500}",73865,8.1,tt0079944,Stalker,feature,1979
True,"{u'url': u'https://images-na.ssl-images-amazon.com/images/M/MV5BODJiNmUzYmQtZTNhNS00NjY0LThmYjMtOTliOTM1NTdkYzY1XkEyXkFqcGdeQXVyNjU0OTQ0OTY@._V1_.jpg', u'width': 1788, u'height': 2531}",103495,8.1,tt0087544,Nausicaä of the Valley of the Wind,feature,1984
True,"{u'url': u'https://images-na.ssl-images-amazon.com/images/M/MV5BMDIzODcyY2EtMmY2MC00ZWVlLTgwMzAtMjQwOWUyNmJjNTYyXkEyXkFqcGdeQXVyNDk3NzU2MTQ@._V1_.jpg', u'width': 1685, u'height': 2500}",710763,8.1,tt0120382,The Truman Show,feature,1998
True,"{u'url': u'https://images-na.ssl-images-amazon.com/images/M/MV5BZDdiZTAwYzAtMDI3Ni00OTRjLTkzN2UtMGE3MDMyZmU4NTU4XkEyXkFqcGdeQXVyNjU0OTQ0OTY@._V1_.jpg', u'width': 2124, u'height': 3160}",196847,8.1,tt0112471,Before Sunrise,feature,1995
True,"{u'url': u'https://images-na.ssl-images-amazon.com/images/M/MV5BNzJiOGI2MjctYjUyMS00ZjkzLWE2ZmUtOTg4NTZkOTNhZDc1L2ltYWdlXkEyXkFqcGdeQXVyNjc1NTYyMjg@._V1_.jpg', u'width': 580, u'height': 862}",66925,8.1,tt0032551,The Grapes of Wrath,feature,1940
True,"{u'url': u'https://images-na.ssl-images-amazon.com/images/M/MV5BMDFkMDEwM2MtOWY4MS00YWNhLTg5ZWItYzAxZTJlN2Y1NjBmXkEyXkFqcGdeQXVyNjc1NTYyMjg@._V1_.jpg', u'width': 640, u'height': 963}",76858,8.1,tt0052311,Touch of Evil,feature,1958
True,"{u'url': u'https://images-na.ssl-images-amazon.com/images/M/MV5BMTY5MDMzODUyOF5BMl5BanBnXkFtZTcwMTQ3NTMyNA@@._V1_.jpg', u'width': 682, u'height': 1023}",400842,8.1,tt0075148,Rocky,feature,1976
True,"{u'url': u'https://images-na.ssl-images-amazon.com/images/M/MV5BMTY2MTk3MDQ1N15BMl5BanBnXkFtZTcwMzI4NzA2NQ@@._V1_.jpg', u'width': 1350, u'height': 2000}",581977,8.1,tt1201607,Harry Potter and the Deathly Hallows: Part 2,feature,2011
True,"{u'url': u'https://images-na.ssl-images-amazon.com/images/M/MV5BMTU1NDM2MjkwM15BMl5BanBnXkFtZTcwODU3OTYwNA@@._V1_.jpg', u'width': 682, u'height': 1023}",205109,8.1,tt0075686,Annie Hall,feature,1977
True,"{u'url': u'https://images-na.ssl-images-amazon.com/images/M/MV5BMzJiZDRmOWUtYjE2MS00Mjc1LTg1ZDYtNTQxYWJkZTg1OTM4XkEyXkFqcGdeQXVyNjUwNzk3NDc@._V1_.jpg', u'width': 482, u'height': 755}",181098,8.1,tt0083987,Gandhi,feature,1982
True,"{u'url': u'https://images-na.ssl-images-amazon.com/images/M/MV5BMGJmNmU5OTAtOTQyYy00MmM3LTk4MzUtMGFiZDYzODdmMmU4XkEyXkFqcGdeQXVyNjU0OTQ0OTY@._V1_.jpg', u'width': 1195, u'height': 1600}",44755,8.1,tt0046911,Diabolique,feature,1955
True,"{u'url': u'https://images-na.ssl-images-amazon.com/images/M/MV5BMTg0NTIzMjQ1NV5BMl5BanBnXkFtZTcwNDc3MzM5OQ@@._V1_.jpg', u'width': 1384, u'height': 2048}",422773,8.1,tt1392214,Prisoners,feature,2013
True,"{u'url': u'https://images-na.ssl-images-amazon.com/images/M/MV5BZWQyN2ZkODktMTBkNS00OTBjLWJhOGYtNGU4YWVkNTY0ZDZkXkEyXkFqcGdeQXVyNjU0OTQ0OTY@._V1_.jpg', u'width': 1568, u'height': 2294}",612753,8.1,tt0246578,Donnie Darko,feature,2001
True,"{u'url': u'https://images-na.ssl-images-amazon.com/images/M/MV5BNGNiNmU2YTMtZmU4OS00MjM0LTlmYWUtMjVlYjAzYjE2N2RjXkEyXkFqcGdeQXVyNDk3NzU2MTQ@._V1_.jpg', u'width': 2025, u'height': 3000}",520220,8.1,tt0440963,The Bourne Ultimatum,feature,2007
True,"{u'url': u'https://images-na.ssl-images-amazon.com/images/M/MV5BNTE2Nzg1NjkzNV5BMl5BanBnXkFtZTgwOTgyODMyMTI@._V1_.jpg', u'width': 947, u'height': 1500}",28590,8.3,tt5052448,Get Out,feature,2017
True,"{u'url': u'https://images-na.ssl-images-amazon.com/images/M/MV5BMTY1NTI0ODUyOF5BMl5BanBnXkFtZTgwNTEyNjQ0MDE@._V1_.jpg', u'width': 675, u'height': 1000}",625490,8.1,tt0198781,"Monsters, Inc.",feature,2001
True,"{u'url': u'https://images-na.ssl-images-amazon.com/images/M/MV5BMTY5MzYzNjc5NV5BMl5BanBnXkFtZTYwNTUyNTc2._V1_.jpg', u'width': 485, u'height': 719}",575930,8.0,tt0264464,Catch Me If You Can,feature,2002
True,"{u'url': u'https://images-na.ssl-images-amazon.com/images/M/MV5BODE1MDczNTUxOV5BMl5BanBnXkFtZTcwMTA0NDQyNA@@._V1_.jpg', u'width': 682, u'height': 1023}",633597,8.0,tt0088247,The Terminator,feature,1984
True,"{u'url': u'https://images-na.ssl-images-amazon.com/images/M/MV5BMTQ4MTA0NjEzMF5BMl5BanBnXkFtZTgwMDg4NDYxMzE@._V1_.jpg', u'width': 1258, u'height': 1748}",83136,8.1,tt0056801,8½,feature,1963
True,"{u'url': u'https://images-na.ssl-images-amazon.com/images/M/MV5BNjUyMTc4MDExMV5BMl5BanBnXkFtZTgwNDg0NDIwMjE@._V1_.jpg', u'width': 1170, u'height': 1744}",306779,8.1,tt0032138,The Wizard of Oz,feature,1939
True,"{u'url': u'https://images-na.ssl-images-amazon.com/images/M/MV5BZWIxNzM5YzQtY2FmMS00Yjc3LWI1ZjUtNGVjMjMzZTIxZTIxXkEyXkFqcGdeQXVyNjU0OTQ0OTY@._V1_.jpg', u'width': 1700, u'height': 2530}",465331,8.0,tt0107048,Groundhog Day,feature,1993
True,"{u'url': u'https://images-na.ssl-images-amazon.com/images/M/MV5BNDNiOTA5YjktY2Q0Ni00ODgzLWE5MWItNGExOWRlYjY2MjBlXkEyXkFqcGdeQXVyNjQ2MjQ5NzM@._V1_.jpg', u'width': 1100, u'height': 1571}",110559,8.1,tt0113247,La Haine,feature,1995
True,"{u'url': u'https://images-na.ssl-images-amazon.com/images/M/MV5BN2Y2OWU4MWMtNmIyMy00YzMyLWI0Y2ItMTcyZDc3MTdmZDU4XkEyXkFqcGdeQXVyMTQxNzMzNDI@._V1_.jpg', u'width': 1007, u'height': 1500}",485253,8.0,tt0114746,Twelve Monkeys,feature,1995
True,"{u'url': u'https://images-na.ssl-images-amazon.com/images/M/MV5BNmY0MWY2NDctZDdmMi00MjA1LTk0ZTQtZDMyZTQ1NTNlYzVjXkEyXkFqcGdeQXVyMjUzOTY1NTc@._V1_.jpg', u'width': 658, u'height': 1000}",107921,8.1,tt0072684,Barry Lyndon,feature,1975
True,"{u'url': u'https://images-na.ssl-images-amazon.com/images/M/MV5BMmVmODY1MzEtYTMwZC00MzNhLWFkNDMtZjAwM2EwODUxZTA5XkEyXkFqcGdeQXVyNTAyODkwOQ@@._V1_.jpg', u'width': 1000, u'height': 1535}",436879,8.0,tt0073195,Jaws,feature,1975
True,"{u'url': u'https://images-na.ssl-images-amazon.com/images/M/MV5BMWJmNzNmYjctMGM5OS00NGIwLTkxOTktNGI4MTdlNTk4MjgwXkEyXkFqcGdeQXVyMjQ1NjEyNzE@._V1_.jpg', u'width': 800, u'height': 1205}",96566,8.1,tt0338564,Infernal Affairs,feature,2002
True,"{u'url': u'https://images-na.ssl-images-amazon.com/images/M/MV5BMTYyMjgyNDY3N15BMl5BanBnXkFtZTgwOTMzNTE5NTE@._V1_.jpg', u'width': 981, u'height': 1417}",38016,8.4,tt4430212,Drishyam,feature,2015
True,"{u'url': u'https://images-na.ssl-images-amazon.com/images/M/MV5BMTk1NTAxNzg3Nl5BMl5BanBnXkFtZTcwNjU4OTQwNw@@._V1_.jpg', u'width': 334, u'height': 500}",42581,8.1,tt0036868,The Best Years of Our Lives,feature,1946
True,"{u'url': u'https://images-na.ssl-images-amazon.com/images/M/MV5BOTMyMjEyNzIzMV5BMl5BanBnXkFtZTgwNzIyNjU0NzE@._V1_.jpg', u'width': 1080, u'height': 1600}",281994,8.1,tt2948356,Zootopia,feature,2016
True,"{u'url': u'https://images-na.ssl-images-amazon.com/images/M/MV5BMjk3YjJmYTctMTAzZC00MzE4LWFlZGMtNDM5OTMyMDEzZWIxXkEyXkFqcGdeQXVyNTI4MjkwNjA@._V1_.jpg', u'width': 578, u'height': 856}",35337,8.3,tt0074896,The Message,feature,1976
True,"{u'url': u'https://images-na.ssl-images-amazon.com/images/M/MV5BYzliNzI5NzgtNDZmNy00NGU4LTg2OTQtMDEzZTRiNDU3ZTI1XkEyXkFqcGdeQXVyMDUyOTUyNQ@@._V1_.jpg', u'width': 2202, u'height': 3000}",40154,8.1,tt0058946,The Battle of Algiers,feature,1966
True,"{u'url': u'https://images-na.ssl-images-amazon.com/images/M/MV5BODExZmE2ZWItYTIzOC00MzI1LTgyNTktMDBhNmFhY2Y4OTQ3XkEyXkFqcGdeQXVyNjU0OTQ0OTY@._V1_.jpg', u'width': 1960, u'height': 2942}",191749,8.0,tt0072890,Dog Day Afternoon,feature,1975
True,"{u'url': u'https://images-na.ssl-images-amazon.com/images/M/MV5BMTc5NjY4MjUwNF5BMl5BanBnXkFtZTgwODM3NzM5MzE@._V1_.jpg', u'width': 1600, u'height': 2370}",51809,8.3,tt1954470,Gangs of Wasseypur,feature,2012
True,"{u'url': u'https://images-na.ssl-images-amazon.com/images/M/MV5BMTM5OTMyMjIxOV5BMl5BanBnXkFtZTcwNzU4MjIwNQ@@._V1_.jpg', u'width': 1382, u'height': 2048}",338415,8.1,tt1454029,The Help,feature,2011
True,"{u'url': u'https://images-na.ssl-images-amazon.com/images/M/MV5BZmI0M2VmNTgtMWVhYS00Zjg1LTk1YTYtNmJmMjRkZmMwYTc2XkEyXkFqcGdeQXVyNTA4NzY1MzY@._V1_.jpg', u'width': 1698, u'height': 2616}",34467,8.1,tt0056687,What Ever Happened to Baby Jane?,feature,1962
True,"{u'url': u'https://images-na.ssl-images-amazon.com/images/M/MV5BNzc5N2ZjNWMtNWVkZi00MzYyLTkxNjYtMzc0NjE0MDFjNGQ0XkEyXkFqcGdeQXVyNjc1NTYyMjg@._V1_.jpg', u'width': 400, u'height': 610}",102288,8.0,tt0044079,Strangers on a Train,feature,1951
True,"{u'url': u'https://images-na.ssl-images-amazon.com/images/M/MV5BMjAyNDM4MTc2N15BMl5BanBnXkFtZTYwNDk0Mjc3._V1_.jpg', u'width': 321, u'height': 475}",850666,8.0,tt0325980,Pirates of the Caribbean: The Curse of the Black Pearl,feature,2003
True,"{u'url': u'https://images-na.ssl-images-amazon.com/images/M/MV5BNjI3NjY1Mjg3MV5BMl5BanBnXkFtZTgwMzk5MDQ3MjE@._V1_.jpg', u'width': 1393, u'height': 2048}",525575,8.1,tt2084970,The Imitation Game,feature,2014
